,word,polyglot,afinn
0,Den,0,0.0
1,grimme,0,-3.0
2,Ælling,0,0.0
3,.,0,0.0
4,Der,0,0.0
5,var,0,0.0
6,saa,0,0.0
7,deiligt,0,0.0
8,ude,-1,0.0
9,paa,0,0.0
10,Landet,0,0.0
11,;,0,0.0
12,det,0,0.0
13,var,0,0.0
14,Sommer,0,0.0
15,",",0,0.0
16,Kornet,0,0.0
17,stod,0,0.0
18,guult,0,0.0
19,",",0,0.0
20,Havren,0,0.0
21,grøn,0,0.0
22,",",0,0.0
23,Høet,0,0.0
24,var,0,0.0
25,reist,0,0.0
26,i,0,0.0
27,Stakke,0,0.0
28,nede,0,0.0
29,i,0,0.0
30,de,0,0.0
31,grønne,0,0.0
32,Enge,0,0.0
33,",",0,0.0
34,og,0,0.0
35,der,0,0.0
36,gik,0,0.0
37,Storken,0,0.0
38,paa,0,0.0
39,sine,0,0.0
40,lange,0,0.0
41,",",0,0.0
42,røde,0,0.0
43,Been,0,0.0
44,og,0,0.0
45,snakkede,0,0.0
46,ægyptisk,0,0.0
47,",",0,0.0
48,for,0,0.0
49,det,0,0.0
50,Sprog,0,0.0
51,havde,0,0.0
52,han,0,0.0
53,lært,0,0.0
54,af,0,0.0
55,sin,-1,0.0
56,Moder,0,0.0
57,.,0,0.0
58,Rundtom,0,0.0
59,Ager,0,0.0
60,og,0,0.0
61,Eng,0,0.0
62,var,0,0.0
63,der,0,0.0
64,store,1,0.0
65,Skove,0,0.0
66,",",0,0.0
67,og,0,0.0
68,midt,0,0.0
69,i,0,0.0
70,Skovene,0,0.0
71,dybe,0,0.0
72,Søer,0,0.0
73,;,0,0.0
74,jo,0,0.0
75,",",0,0.0
76,der,0,0.0
77,var,0,0.0
78,rigtignok,0,0.0
79,deiligt,0,0.0
80,derude,0,0.0
81,paa,0,0.0
82,Landet,0,0.0
83,!,0,0.0
84,Midt,0,0.0
85,i,0,0.0
86,Solskinnet,0,0.0
87,laae,0,0.0
88,der,0,0.0
89,en,0,0.0
90,gammel,0,0.0
91,Herregaard,0,0.0
92,med,0,0.0
93,dybe,0,0.0
94,Canaler,0,0.0
95,rundt,0,0.0
96,om,0,0.0
97,",",0,0.0
98,og,0,0.0
99,fra,0,0.0
100,Muren,0,0.0
101,og,0,0.0
102,ned,0,0.0
103,til,0,0.0
104,Vandet,0,0.0
105,voxte,0,0.0
106,store,1,0.0
107,Skræppeblade,0,0.0
108,",",0,0.0
109,der,0,0.0
110,vare,0,0.0
111,saa,0,0.0
112,høie,0,0.0
113,",",0,0.0
114,at,0,0.0
115,smaa,0,0.0
116,Børn,0,0.0
117,kunde,0,0.0
118,staae,0,0.0
119,opreiste,0,0.0
120,under,1,0.0
121,de,0,0.0
122,største,0,0.0
123,;,0,0.0
124,der,0,0.0
125,var,0,0.0
126,ligesaa,0,0.0
127,vildsomt,0,0.0
128,derinde,0,0.0
129,",",0,0.0
130,som,1,0.0
131,i,0,0.0
132,den,0,0.0
133,tykkeste,0,0.0
134,Skov,0,0.0
135,",",0,0.0
136,og,0,0.0
137,her,0,0.0
138,laae,0,0.0
139,en,0,0.0
140,And,0,0.0
141,paa,0,0.0
142,sin,-1,0.0
143,Rede,0,0.0
144,;,0,0.0
145,hun,0,0.0
146,skulde,0,0.0
147,ruge,0,0.0
148,sine,0,0.0
149,smaae,0,0.0
150,Ællinger,0,0.0
151,ud,0,0.0
152,",",0,0.0
153,men,0,0.0
154,nu,0,0.0
155,var,0,0.0
156,hun,0,0.0
157,næsten,0,0.0
158,kjed,0,0.0
159,af,0,0.0
160,det,0,0.0
161,",",0,0.0
162,fordi,0,0.0
163,det,0,0.0
164,varede,0,0.0
165,saa,0,0.0
166,længe,0,0.0
167,",",0,0.0
168,og,0,0.0
169,hun,0,0.0
170,sjælden,0,0.0
171,fik,0,2.0
172,Visit,0,0.0
173,;,0,0.0
174,de,0,0.0
175,andre,0,0.0
176,Ænder,0,0.0
177,holdt,0,0.0
178,mere,0,0.0
179,af,0,0.0
180,at,0,0.0
181,svømme,0,0.0
182,om,0,0.0
183,i,0,0.0
184,Canalerne,0,0.0
185,",",0,0.0
186,end,0,0.0
187,at,0,0.0
188,løbe,0,0.0
189,op,0,0.0
190,og,0,0.0
191,sidde,0,0.0
192,under,1,0.0
193,et,0,0.0
194,Skræppeblad,0,0.0
195,for,0,0.0
196,at,0,0.0
197,snaddre,0,0.0
198,med,0,0.0
199,hende.Endelig,0,0.0
200,knagede,0,0.0
201,det,0,0.0
202,ene,0,0.0
203,Æg,0,0.0
204,efter,0,0.0
205,det,0,0.0
206,andet,0,0.0
207,:,0,0.0
208,»,0,0.0
209,pip,0,0.0
210,!,0,0.0
211,pip,0,0.0
212,!,0,0.0
213,«,0,0.0
214,sagde,0,0.0
215,det,0,0.0
216,",",0,0.0
217,alle,0,0.0
218,Æggeblommerne,0,0.0
219,vare,0,0.0
220,blevne,0,0.0
221,levende,1,2.0
222,og,0,0.0
223,stak,-1,-1.0
224,Hovedet,0,0.0
225,ud,0,0.0
226,.,0,0.0
227,»,0,0.0
228,Rap,0,0.0
229,!,0,0.0
230,rap,-1,0.0
231,!,0,0.0
232,«,0,0.0
233,sagde,0,0.0
234,hun,0,0.0
235,",",0,0.0
236,og,0,0.0
237,saa,0,0.0
238,rappede,0,0.0
239,de,0,0.0
240,sig,0,0.0
241,alt,0,0.0
242,hvad,0,0.0
243,de,0,0.0
244,kunde,0,0.0
245,",",0,0.0
246,og,0,0.0
247,saae,0,0.0
248,til,0,0.0
249,alle,0,0.0
250,Sider,0,0.0
251,under,1,0.0
252,de,0,0.0
253,grønne,0,0.0
254,Blade,0,0.0
255,",",0,0.0
256,og,0,0.0
257,Moderen,0,0.0
258,lod,0,0.0
259,dem,0,0.0
260,see,0,0.0
261,saa,0,0.0
262,meget,0,0.0
263,de,0,0.0
264,vilde,-1,0.0
265,",",0,0.0
266,for,0,0.0
267,det,0,0.0
268,Grønne,0,0.0
269,er,0,0.0
270,godt,1,3.0
271,for,0,0.0
272,Øinene,0,0.0
273,.,0,0.0
274,»,0,0.0
275,Hvor,0,0.0
276,dog,0,0.0
277,Verden,0,0.0
278,er,0,0.0
279,stor,1,0.0
280,!,0,0.0
281,«,0,0.0
282,sagde,0,0.0
283,alle,0,0.0
284,Ungerne,0,0.0
285,;,0,0.0
286,thi,0,0.0
287,de,0,0.0
288,havde,0,0.0
289,nu,0,0.0
290,rigtignok,0,0.0
291,ganske,0,0.0
292,anderledes,0,0.0
293,Plads,0,0.0
294,",",0,0.0
295,end,0,0.0
296,da,-1,0.0
297,de,0,0.0
298,laae,0,0.0
299,inde,0,0.0
300,i,0,0.0
301,Ægget.mukendt.A,0,0.0
302,NE,0,0.0
303,1,0,0.0
304,-,0,0.0
305,44,0,0.0
306,s,0,0.0
307,.,0,0.0
308,32,0,0.0
309,-,0,0.0
310,47,0,0.0
311,(,0,0.0
312,Bibl,0,0.0
313,.,0,0.0
314,432,0,0.0
315,),0,0.0
316,.,0,0.0
317,A2,0,0.0
318,NE,0,0.0
319,1,0,0.0
320,-,0,0.0
321,442,0,0.0
322,.,0,0.0
323,A3,0,0.0
324,NE,0,0.0
325,1,0,0.0
326,-,0,0.0
327,47,0,0.0
328,.,0,0.0
329,B,0,0.0
330,EP,0,0.0
331,-,0,0.0
332,50,0,0.0
333,s,0,0.0
334,.,0,0.0
335,225,0,0.0
336,-,0,0.0
337,37m,0,0.0
338,.,0,0.0
339,3,0,0.0
340,ill,0,0.0
341,.,0,0.0
342,",",0,0.0
343,deraf,0,0.0
344,1,0,0.0
345,på,0,0.0
346,indsat,0,0.0
347,blad.B2,0,0.0
348,EP,0,0.0
349,-,0,0.0
350,54,0,0.0
351,.,0,0.0
352,C,0,0.0
353,SS,0,0.0
354,19,0,0.0
355,-,0,0.0
356,55,0,0.0
357,s,0,0.0
358,.,0,0.0
359,171,0,0.0
360,-,0,0.0
361,81,0,0.0
362,.,0,0.0
363,D,0,0.0
364,EHP,0,0.0
365,1,0,0.0
366,-,0,0.0
367,62,0,0.0
368,s,0,0.0
369,.,0,0.0
370,365,0,0.0
371,-,0,0.0
372,80,0,0.0
373,m,0,0.0
374,.,0,0.0
375,3,0,0.0
376,ill,0,0.0
377,.,0,0.0
378,12,0,0.0
379,And,0,0.0
380,],0,0.0
381,Aand,0,0.0
382,fejlA,0,0.0
383,.,0,0.0
384,»,0,0.0
385,Troer,0,0.0
386,I,0,0.0
387,",",0,0.0
388,det,0,0.0
389,er,0,0.0
390,hele,0,0.0
391,Verden,0,0.0
392,!,0,0.0
393,«,0,0.0
394,sagde,0,0.0
395,Moderen,0,0.0
396,",",0,0.0
397,»,0,0.0
398,den,0,0.0
399,strækker,0,0.0
400,sig,0,0.0
401,langt,0,0.0
402,paa,0,0.0
403,den,0,0.0
404,anden,0,0.0
405,Side,0,0.0
406,Haven,0,0.0
407,",",0,0.0
408,lige,0,0.0
409,ind,0,0.0
410,i,0,0.0
411,Præstens,0,0.0
412,Mark,0,0.0
413,!,0,0.0
414,men,0,0.0
415,der,0,0.0
416,har,0,0.0
417,jeg,0,0.0
418,aldrig,0,0.0
419,været,0,0.0
420,!,0,0.0
421,-,0,0.0
422,I,0,0.0
423,ere,0,0.0
424,her,0,0.0
425,dog,0,0.0
426,vel,0,0.0
427,Allesammen,0,0.0
428,!,0,0.0
429,«,0,0.0
430,-,0,0.0
431,og,0,0.0
432,saa,0,0.0
433,reiste,0,0.0
434,hun,0,0.0
435,sig,0,0.0
436,op,0,0.0
437,",",0,0.0
438,»,0,0.0
439,nei,0,0.0
440,",",0,0.0
441,jeg,0,0.0
442,har,0,0.0
443,ikke,0,0.0
444,alle,0,0.0
445,!,0,0.0
446,det,0,0.0
447,største,0,0.0
448,Æg,0,0.0
449,ligger,-1,0.0
450,der,0,0.0
451,endnu,0,0.0
452,;,0,0.0
453,hvor,0,0.0
454,længe,0,0.0
455,skal,0,0.0
456,det,0,0.0
457,vare,0,0.0
458,!,0,0.0
459,nu,0,0.0
460,er,0,0.0
461,jeg,0,0.0
462,snart,0,0.0
463,kjed,0,0.0
464,af,0,0.0
465,det,0,0.0
466,!,0,0.0
467,«,0,0.0
468,og,0,0.0
469,saa,0,0.0
470,lagde,0,0.0
471,hun,0,0.0
472,sig,0,0.0
473,igjen,0,0.0
474,.,0,0.0
475,»,0,0.0
476,Naa,0,0.0
477,hvordan,0,0.0
478,gaaer,0,0.0
479,det,0,0.0
480,?,0,0.0
481,«,0,0.0
482,sagde,0,0.0
483,en,0,0.0
484,gammel,0,0.0
485,And,0,0.0
486,",",0,0.0
487,som,1,0.0
488,kom,0,0.0
489,for,0,0.0
490,at,0,0.0
491,gjøre,0,0.0
492,Visit,0,0.0
493,.,0,0.0
494,»,0,0.0
495,Det,0,0.0
496,varer,0,0.0
497,saa,0,0.0
498,længe,0,0.0
499,med,0,0.0
500,det,0,0.0
501,ene,0,0.0
502,Æg,0,0.0
503,!,0,0.0
504,«,0,0.0
505,sagde,0,0.0
506,Anden,0,0.0
507,",",0,0.0
508,som,1,0.0
509,laae,0,0.0
510,;,0,0.0
511,»,0,0.0
512,der,0,0.0
513,vil,0,0.0
514,ikke,0,0.0
515,gaae,0,0.0
516,Hul,0,0.0
517,paa,0,0.0
518,det,0,0.0
519,!,0,0.0
520,men,0,0.0
521,nu,0,0.0
522,skal,0,0.0
523,Du,0,0.0
524,see,0,0.0
525,de,0,0.0
526,andre,0,0.0
527,!,0,0.0
528,de,0,0.0
529,ere,0,0.0
530,de,0,0.0
531,deiligste,0,0.0
532,Ællinger,0,0.0
533,jeg,0,0.0
534,har,0,0.0
535,seet,0,0.0
536,!,0,0.0
537,de,0,0.0
538,ligne,0,0.0
539,Allesammen,0,0.0
540,deres,0,0.0
541,Fader,0,0.0
542,",",0,0.0
543,det,0,0.0
544,Skarn,0,0.0
545,han,0,0.0
546,kommer,0,0.0
547,ikke,0,0.0
548,og,0,0.0
549,besøger,0,0.0
550,mig,0,0.0
551,.,0,0.0
552,«,0,0.0
553,»,0,0.0
554,Lad,0,0.0
555,mig,0,0.0
556,see,0,0.0
557,det,0,0.0
558,Æg,0,0.0
559,",",0,0.0
560,der,0,0.0
561,ikke,0,0.0
562,vil,0,0.0
563,revne,0,0.0
564,!,0,0.0
565,«,0,0.0
566,sagde,0,0.0
567,den,0,0.0
568,gamle,0,0.0
569,.,0,0.0
570,»,0,0.0
571,Du,0,0.0
572,kan,0,0.0
573,troe,0,0.0
574,",",0,0.0
575,at,0,0.0
576,det,0,0.0
577,er,0,0.0
578,et,0,0.0
579,Kalkun,0,0.0
580,-,0,0.0
581,Æg,0,0.0
582,!,0,0.0
583,saaledes,0,0.0
584,er,0,0.0
585,jeg,0,0.0
586,ogsaa,0,0.0
587,blevet,0,0.0
588,narret,0,-2.0
589,engang,0,0.0
590,",",0,0.0
591,og,0,0.0
592,jeg,0,0.0
593,havde,0,0.0
594,min,0,0.0
595,Sorg,0,-2.0
596,og,0,0.0
597,Nød,0,0.0
598,med,0,0.0
599,de,0,0.0
600,Unger,0,0.0
601,",",0,0.0
602,for,0,0.0
603,de,0,0.0
604,ere,0,0.0
605,bange,-1,-2.0
606,for,0,0.0
607,Vandet,0,0.0
608,",",0,0.0
609,skal,0,0.0
610,jeg,0,0.0
611,sige,0,0.0
612,Dig,0,0.0
613,!,0,0.0
614,jeg,0,0.0
615,kunde,0,0.0
616,ikke,0,0.0
617,faae,0,0.0
618,dem,0,0.0
619,ud,0,0.0
620,!,0,0.0
621,jeg,0,0.0
622,rappede,0,0.0
623,og,0,0.0
624,snappede,0,0.0
625,",",0,0.0
626,men,0,0.0
627,det,0,0.0
628,hjalp,0,2.0
629,ikke,0,0.0
630,!,0,0.0
631,-,0,0.0
632,Lad,0,0.0
633,mig,0,0.0
634,see,0,0.0
635,Ægget,0,0.0
636,!,0,0.0
637,jo,0,0.0
638,",",0,0.0
639,det,0,0.0
640,er,0,0.0
641,et,0,0.0
642,Kalkun,0,0.0
643,-,0,0.0
644,Æg,0,0.0
645,!,0,0.0
646,lad,0,0.0
647,Du,0,0.0
648,det,0,0.0
649,ligge,-1,0.0
650,og,0,0.0
651,lær,0,0.0
652,de,0,0.0
653,andre,0,0.0
654,Børn,0,0.0
655,at,0,0.0
656,svømme,0,0.0
657,!,0,0.0
658,«,0,0.0
659,»,0,0.0
660,Jeg,0,0.0
661,vil,0,0.0
662,dog,0,0.0
663,ligge,-1,0.0
664,paa,0,0.0
665,det,0,0.0
666,lidt,-1,0.0
667,endnu,0,0.0
668,!,0,0.0
669,«,0,0.0
670,sagde,0,0.0
671,Anden,0,0.0
672,;,0,0.0
673,»,0,0.0
674,har,0,0.0
675,jeg,0,0.0
676,nu,0,0.0
677,ligget,0,0.0
678,saalænge,0,0.0
679,",",0,0.0
680,saa,0,0.0
681,kan,0,0.0
682,jeg,0,0.0
683,ligge,-1,0.0
684,Dyrehavstiden,0,0.0
685,med,0,0.0
686,!,0,0.0
687,«,0,0.0
688,»,0,0.0
689,Vær,0,0.0
690,saa,0,0.0
691,god,1,3.0
692,!,0,0.0
693,«,0,0.0
694,sagde,0,0.0
695,den,0,0.0
696,gamle,0,0.0
697,And,0,0.0
698,",",0,0.0
699,og,0,0.0
700,saa,0,0.0
701,gik,0,0.0
702,hun.Endelig,0,0.0
703,revnede,0,0.0
704,det,0,0.0
705,store,1,0.0
706,Æg,0,0.0
707,.,0,0.0
708,»,0,0.0
709,Pip,0,0.0
710,!,0,0.0
711,pip,0,0.0
712,!,0,0.0
713,«,0,0.0
714,sagde,0,0.0
715,Ungen,0,0.0
716,og,0,0.0
717,væltede,0,0.0
718,ud,0,0.0
719,;,0,0.0
720,han,0,0.0
721,var,0,0.0
722,saa,0,0.0
723,stor,1,0.0
724,og,0,0.0
725,styg,0,0.0
726,.,0,0.0
727,Anden,0,0.0
728,saae,0,0.0
729,paa,0,0.0
730,ham,0,0.0
731,:,0,0.0
732,»,0,0.0
733,Det,0,0.0
734,er,0,0.0
735,da,-1,0.0
736,en,0,0.0
737,forfærdelig,0,0.0
738,stor,1,0.0
739,Ælling,0,0.0
740,den,0,0.0
741,!,0,0.0
742,«,0,0.0
743,sagde,0,0.0
744,hun,0,0.0
745,;,0,0.0
746,»,0,0.0
747,ingen,0,0.0
748,af,0,0.0
749,de,0,0.0
750,andre,0,0.0
751,see,0,0.0
752,saadanne,0,0.0
753,ud,0,0.0
754,!,0,0.0
755,det,0,0.0
756,skulde,0,0.0
757,dog,0,0.0
758,vel,0,0.0
759,aldrig,0,0.0
760,være,0,0.0
761,en,0,0.0
762,Kalkun,0,0.0
763,-,0,0.0
764,Kylling,0,0.0
765,!,0,0.0
766,naa,0,0.0
767,",",0,0.0
768,det,0,0.0
769,skal,0,0.0
770,vi,0,0.0
771,snart,0,0.0
772,komme,0,0.0
773,efter,0,0.0
774,!,0,0.0
775,i,0,0.0
776,Vandet,0,0.0
777,skal,0,0.0
778,han,0,0.0
779,",",0,0.0
780,om,0,0.0
781,jeg,0,0.0
782,saa,0,0.0
783,selv,0,0.0
784,maa,0,0.0
785,sparke,0,0.0
786,ham,0,0.0
787,ud,0,0.0
788,!,0,0.0
789,«,0,0.0
790,Næste,0,0.0
791,Dag,0,0.0
792,var,0,0.0
793,det,0,0.0
794,et,0,0.0
795,velsignet,0,3.0
796,",",0,0.0
797,deiligt,0,0.0
798,Veir,0,0.0
799,;,0,0.0
800,Solen,0,0.0
801,skinnede,0,0.0
802,paa,0,0.0
803,alle,0,0.0
804,de,0,0.0
805,grønne,0,0.0
806,Skræpper,0,0.0
807,.,0,0.0
808,Ællingemoderen,0,0.0
809,med,0,0.0
810,hele,0,0.0
811,sin,-1,0.0
812,Familie,0,0.0
813,kom,0,0.0
814,frem,0,0.0
815,nede,0,0.0
816,ved,0,0.0
817,Canalen,0,0.0
818,:,0,0.0
819,pladsk,0,0.0
820,!,0,0.0
821,sprang,0,0.0
822,hun,0,0.0
823,i,0,0.0
824,Vandet,0,0.0
825,:,0,0.0
826,»,0,0.0
827,rap,-1,0.0
828,!,0,0.0
829,rap,-1,0.0
830,!,0,0.0
831,«,0,0.0
832,sagde,0,0.0
833,hun,0,0.0
834,og,0,0.0
835,den,0,0.0
836,ene,0,0.0
837,Ælling,0,0.0
838,plumpede,0,0.0
839,ud,0,0.0
840,efter,0,0.0
841,den,0,0.0
842,anden,0,0.0
843,;,0,0.0
844,Vandet,0,0.0
845,slog,-1,-1.0
846,dem,0,0.0
847,over,0,0.0
848,Hovedet,0,0.0
849,",",0,0.0
850,men,0,0.0
851,de,0,0.0
852,kom,0,0.0
853,strax,0,0.0
854,op,0,0.0
855,igjen,0,0.0
856,og,0,0.0
857,fløde,0,0.0
858,saa,0,0.0
859,deiligt,0,0.0
860,;,0,0.0
861,Benene,0,0.0
862,gik,0,0.0
863,af,0,0.0
864,sig,0,0.0
865,selv,0,0.0
866,",",0,0.0
867,og,0,0.0
868,alle,0,0.0
869,vare,0,0.0
870,de,0,0.0
871,ude,-1,0.0
872,",",0,0.0
873,selv,0,0.0
874,den,0,0.0
875,stygge,0,0.0
876,",",0,0.0
877,graae,0,0.0
878,Unge,0,0.0
879,svømmede,0,0.0
880,med,0,0.0
881,.,0,0.0
882,»,0,0.0
883,Nei,0,0.0
884,",",0,0.0
885,det,0,0.0
886,er,0,0.0
887,ingen,0,0.0
888,Kalkun,0,0.0
889,!,0,0.0
890,«,0,0.0
891,sagde,0,0.0
892,hun,0,0.0
893,;,0,0.0
894,»,0,0.0
895,see,0,0.0
896,hvor,0,0.0
897,deiligt,0,0.0
898,den,0,0.0
899,bruger,0,0.0
900,Benene,0,0.0
901,",",0,0.0
902,hvor,0,0.0
903,rank,0,0.0
904,den,0,0.0
905,holder,0,0.0
906,sig,0,0.0
907,!,0,0.0
908,det,0,0.0
909,er,0,0.0
910,min,0,0.0
911,egen,0,0.0
912,Unge,0,0.0
913,!,0,0.0
914,igrunden,0,0.0
915,er,0,0.0
916,den,0,0.0
917,dog,0,0.0
918,ganske,0,0.0
919,kjøn,0,0.0
920,",",0,0.0
921,naar,0,0.0
922,man,0,0.0
923,rigtig,1,0.0
924,seer,0,0.0
925,paa,0,0.0
926,den,0,0.0
927,!,0,0.0
928,rap,-1,0.0
929,!,0,0.0
930,rap,-1,0.0
931,!,0,0.0
932,-,0,0.0
933,kom,0,0.0
934,nu,0,0.0
935,med,0,0.0
936,mig,0,0.0
937,",",0,0.0
938,saa,0,0.0
939,skal,0,0.0
940,jeg,0,0.0
941,føre,1,0.0
942,Jer,0,0.0
943,ind,0,0.0
944,i,0,0.0
945,Verden,0,0.0
946,",",0,0.0
947,12,0,0.0
948,Skarn,0,0.0
949,],0,0.0
950,Skarn,0,0.0
951,",",0,0.0
952,C,0,0.0
953,",",0,0.0
954,Skarn,0,0.0
955,!,0,0.0
956,B,0,0.0
957,.,0,0.0
958,16,0,0.0
959,blevet,0,0.0
960,],0,0.0
961,bleven,0,0.0
962,D,0,0.0
963,.,0,0.0
964,21,0,0.0
965,paa,0,0.0
966,det,0,0.0
967,lidt,-1,0.0
968,],0,0.0
969,lidt,-1,0.0
970,paa,0,0.0
971,det,0,0.0
972,A3,0,0.0
973,.,0,0.0
974,27,0,0.0
975,saadanne,0,0.0
976,],0,0.0
977,saaledes,0,0.0
978,D,0,0.0
979,.,0,0.0
980,35,0,0.0
981,fløde,0,0.0
982,],0,0.0
983,flød,0,0.0
984,B.og,0,0.0
985,præsentere,0,0.0
986,Jer,0,0.0
987,i,0,0.0
988,Andegaarden,0,0.0
989,",",0,0.0
990,men,0,0.0
991,hold,0,0.0
992,Jer,0,0.0
993,altid,0,0.0
994,nær,0,0.0
995,ved,0,0.0
996,mig,0,0.0
997,",",0,0.0
998,at,0,0.0
999,ingen,0,0.0
1000,træder,0,0.0
1001,paa,0,0.0
1002,Jer,0,0.0
1003,",",0,0.0
1004,og,0,0.0
1005,tag,0,0.0
1006,Jer,0,0.0
1007,iagt,0,0.0
1008,for,0,0.0
1009,Kattene,0,0.0
1010,!,0,0.0
1011,«,0,0.0
1012,Og,0,0.0
1013,saa,0,0.0
1014,kom,0,0.0
1015,de,0,0.0
1016,ind,0,0.0
1017,i,0,0.0
1018,Andegaarden,0,0.0
1019,.,0,0.0
1020,Der,0,0.0
1021,var,0,0.0
1022,en,0,0.0
1023,skrækkelig,-1,0.0
1024,Støi,0,0.0
1025,derinde,0,0.0
1026,",",0,0.0
1027,thi,0,0.0
1028,der,0,0.0
1029,var,0,0.0
1030,to,0,0.0
1031,Familier,0,0.0
1032,",",0,0.0
1033,som,1,0.0
1034,sloges,0,0.0
1035,om,0,0.0
1036,et,0,0.0
1037,Aalehoved,0,0.0
1038,",",0,0.0
1039,og,0,0.0
1040,saa,0,0.0
1041,fik,0,2.0
1042,dog,0,0.0
1043,Katten,0,0.0
1044,det,0,0.0
1045,.,0,0.0
1046,»,0,0.0
1047,See,0,0.0
1048,",",0,0.0
1049,saaledes,0,0.0
1050,gaaer,0,0.0
1051,det,0,0.0
1052,til,0,0.0
1053,i,0,0.0
1054,Verden,0,0.0
1055,!,0,0.0
1056,«,0,0.0
1057,sagde,0,0.0
1058,Ællingemoderen,0,0.0
1059,",",0,0.0
1060,og,0,0.0
1061,slikkede,0,0.0
1062,sig,0,0.0
1063,om,0,0.0
1064,Snabelen,0,0.0
1065,",",0,0.0
1066,for,0,0.0
1067,hun,0,0.0
1068,vilde,-1,0.0
1069,ogsaa,0,0.0
1070,have,0,0.0
1071,Aalehovedet,0,0.0
1072,.,0,0.0
1073,»,0,0.0
1074,Brug,0,0.0
1075,nu,0,0.0
1076,Benene,0,0.0
1077,!,0,0.0
1078,«,0,0.0
1079,sagde,0,0.0
1080,hun,0,0.0
1081,",",0,0.0
1082,»,0,0.0
1083,see,0,0.0
1084,",",0,0.0
1085,at,0,0.0
1086,I,0,0.0
1087,kunne,0,0.0
1088,rappe,-1,0.0
1089,Jer,0,0.0
1090,",",0,0.0
1091,og,0,0.0
1092,nei,0,0.0
1093,med,0,0.0
1094,Halsen,0,0.0
1095,for,0,0.0
1096,den,0,0.0
1097,gamle,0,0.0
1098,And,0,0.0
1099,derhenne,0,0.0
1100,!,0,0.0
1101,hun,0,0.0
1102,er,0,0.0
1103,den,0,0.0
1104,fornemste,0,0.0
1105,af,0,0.0
1106,dem,0,0.0
1107,Alle,0,0.0
1108,her,0,0.0
1109,!,0,0.0
1110,hun,0,0.0
1111,er,0,0.0
1112,af,0,0.0
1113,spansk,0,0.0
1114,Blod,0,0.0
1115,",",0,0.0
1116,derfor,0,0.0
1117,er,0,0.0
1118,hun,0,0.0
1119,svær,-1,-2.0
1120,",",0,0.0
1121,og,0,0.0
1122,see,0,0.0
1123,I,0,0.0
1124,",",0,0.0
1125,hun,0,0.0
1126,har,0,0.0
1127,en,0,0.0
1128,rød,0,0.0
1129,Klud,0,0.0
1130,om,0,0.0
1131,Benet,0,0.0
1132,!,0,0.0
1133,det,0,0.0
1134,er,0,0.0
1135,noget,0,0.0
1136,overordentligt,0,0.0
1137,deiligt,0,0.0
1138,",",0,0.0
1139,og,0,0.0
1140,den,0,0.0
1141,største,0,0.0
1142,Udmærkelse,0,0.0
1143,nogen,0,0.0
1144,And,0,0.0
1145,kan,0,0.0
1146,faae,0,0.0
1147,",",0,0.0
1148,det,0,0.0
1149,betyder,0,0.0
1150,saameget,0,0.0
1151,",",0,0.0
1152,at,0,0.0
1153,man,0,0.0
1154,ikke,0,0.0
1155,vil,0,0.0
1156,af,0,0.0
1157,med,0,0.0
1158,hende,0,0.0
1159,",",0,0.0
1160,og,0,0.0
1161,at,0,0.0
1162,hun,0,0.0
1163,skal,0,0.0
1164,kjendes,0,0.0
1165,af,0,0.0
1166,Dyr,0,0.0
1167,og,0,0.0
1168,af,0,0.0
1169,Mennesker,0,0.0
1170,!,0,0.0
1171,-,0,0.0
1172,Rap,0,0.0
1173,Jer,0,0.0
1174,!,0,0.0
1175,-,0,0.0
1176,ikke,0,0.0
1177,ind,0,0.0
1178,til,0,0.0
1179,Beens,0,0.0
1180,!,0,0.0
1181,en,0,0.0
1182,velopdragen,0,2.0
1183,Ælling,0,0.0
1184,sætter,0,0.0
1185,Benene,0,0.0
1186,vidt,0,0.0
1187,fra,0,0.0
1188,hinanden,0,0.0
1189,",",0,0.0
1190,ligesom,1,0.0
1191,Fader,0,0.0
1192,og,0,0.0
1193,Moder,0,0.0
1194,!,0,0.0
1195,see,0,0.0
1196,saa,0,0.0
1197,!,0,0.0
1198,nei,0,0.0
1199,nu,0,0.0
1200,med,0,0.0
1201,Halsen,0,0.0
1202,og,0,0.0
1203,siig,0,0.0
1204,:,0,0.0
1205,rap,-1,0.0
1206,!,0,0.0
1207,«,0,0.0
1208,Og,0,0.0
1209,det,0,0.0
1210,gjorde,0,0.0
1211,de,0,0.0
1212,;,0,0.0
1213,men,0,0.0
1214,de,0,0.0
1215,andre,0,0.0
1216,Ænder,0,0.0
1217,rundt,0,0.0
1218,om,0,0.0
1219,saae,0,0.0
1220,paa,0,0.0
1221,dem,0,0.0
1222,og,0,0.0
1223,sagde,0,0.0
1224,ganske,0,0.0
1225,høit,0,0.0
1226,:,0,0.0
1227,»,0,0.0
1228,see,0,0.0
1229,saa,0,0.0
1230,!,0,0.0
1231,nu,0,0.0
1232,skal,0,0.0
1233,vi,0,0.0
1234,have,0,0.0
1235,det,0,0.0
1236,Slæng,0,0.0
1237,til,0,0.0
1238,!,0,0.0
1239,ligesom,1,0.0
1240,vi,0,0.0
1241,ikke,0,0.0
1242,vare,0,0.0
1243,nok,1,0.0
1244,alligevel,0,0.0
1245,!,0,0.0
1246,og,0,0.0
1247,fy,0,-2.0
1248,",",0,0.0
1249,hvor,0,0.0
1250,den,0,0.0
1251,ene,0,0.0
1252,Ælling,0,0.0
1253,seer,0,0.0
1254,ud,0,0.0
1255,!,0,0.0
1256,ham,0,0.0
1257,ville,0,0.0
1258,vi,0,0.0
1259,ikke,0,0.0
1260,taale,0,0.0
1261,!,0,0.0
1262,«,0,0.0
1263,-,0,0.0
1264,og,0,0.0
1265,strax,0,0.0
1266,fløi,0,0.0
1267,der,0,0.0
1268,en,0,0.0
1269,And,0,0.0
1270,hen,0,0.0
1271,og,0,0.0
1272,bed,0,0.0
1273,den,0,0.0
1274,i,0,0.0
1275,Nakken,0,0.0
1276,.,0,0.0
1277,»,0,0.0
1278,Lad,0,0.0
1279,ham,0,0.0
1280,være,0,0.0
1281,!,0,0.0
1282,«,0,0.0
1283,sagde,0,0.0
1284,Moderen,0,0.0
1285,",",0,0.0
1286,»,0,0.0
1287,han,0,0.0
1288,gjør,0,0.0
1289,jo,0,0.0
1290,Ingen,0,0.0
1291,noget,0,0.0
1292,!,0,0.0
1293,«,0,0.0
1294,»,0,0.0
1295,Ja,0,1.0
1296,",",0,0.0
1297,men,0,0.0
1298,han,0,0.0
1299,er,0,0.0
1300,for,0,0.0
1301,stor,1,0.0
1302,og,0,0.0
1303,for,0,0.0
1304,aparte,1,0.0
1305,!,0,0.0
1306,«,0,0.0
1307,sagde,0,0.0
1308,Anden,0,0.0
1309,",",0,0.0
1310,som,1,0.0
1311,bed,0,0.0
1312,",",0,0.0
1313,»,0,0.0
1314,og,0,0.0
1315,saa,0,0.0
1316,skal,0,0.0
1317,han,0,0.0
1318,nøfles,0,0.0
1319,!,0,0.0
1320,«,0,0.0
1321,»,0,0.0
1322,Det,0,0.0
1323,er,0,0.0
1324,kjønne,0,0.0
1325,Børn,0,0.0
1326,",",0,0.0
1327,Moder,0,0.0
1328,har,0,0.0
1329,!,0,0.0
1330,«,0,0.0
1331,sagde,0,0.0
1332,den,0,0.0
1333,gamle,0,0.0
1334,And,0,0.0
1335,med,0,0.0
1336,Kluden,0,0.0
1337,om,0,0.0
1338,Benet,0,0.0
1339,",",0,0.0
1340,»,0,0.0
1341,Allesammen,0,0.0
1342,kjønne,0,0.0
1343,",",0,0.0
1344,paa,0,0.0
1345,den,0,0.0
1346,ene,0,0.0
1347,nær,0,0.0
1348,",",0,0.0
1349,den,0,0.0
1350,er,0,0.0
1351,ikke,0,0.0
1352,lykkedes,1,3.0
1353,!,0,0.0
1354,jeg,0,0.0
1355,vilde,-1,0.0
1356,ønske,0,2.0
1357,",",0,0.0
1358,hun,0,0.0
1359,kunde,0,0.0
1360,gjøre,0,0.0
1361,den,0,0.0
1362,om,0,0.0
1363,igjen,0,0.0
1364,!,0,0.0
1365,«,0,0.0
1366,»,0,0.0
1367,Det,0,0.0
1368,gaaer,0,0.0
1369,ikke,0,0.0
1370,",",0,0.0
1371,Deres,0,0.0
1372,Naade,0,0.0
1373,!,0,0.0
1374,«,0,0.0
1375,sagde,0,0.0
1376,Ællingemoderen,0,0.0
1377,",",0,0.0
1378,»,0,0.0
1379,han,0,0.0
1380,er,0,0.0
1381,ikke,0,0.0
1382,kjøn,0,0.0
1383,",",0,0.0
1384,men,0,0.0
1385,han,0,0.0
1386,er,0,0.0
1387,et,0,0.0
1388,inderligt,1,2.0
1389,godt,1,3.0
1390,Gemyt,0,0.0
1391,",",0,0.0
1392,og,0,0.0
1393,svømmer,0,0.0
1394,saa,0,0.0
1395,deiligt,0,0.0
1396,",",0,0.0
1397,som,1,0.0
1398,nogen,0,0.0
1399,af,0,0.0
1400,de,0,0.0
1401,andre,0,0.0
1402,",",0,0.0
1403,ja,0,1.0
1404,",",0,0.0
1405,jeg,0,0.0
1406,tør,0,0.0
1407,sige,0,0.0
1408,lidt,-1,0.0
1409,til,0,0.0
1410,!,0,0.0
1411,jeg,0,0.0
1412,tænker,0,0.0
1413,han,0,0.0
1414,voxer,0,0.0
1415,sig,0,0.0
1416,kjøn,0,0.0
1417,",",0,0.0
1418,eller,0,0.0
1419,han,0,0.0
1420,med,0,0.0
1421,Tiden,0,0.0
1422,bliver,0,0.0
1423,noget,0,0.0
1424,mindre,0,0.0
1425,!,0,0.0
1426,han,0,0.0
1427,har,0,0.0
1428,ligget,0,0.0
1429,for,0,0.0
1430,længe,0,0.0
1431,i,0,0.0
1432,Ægget,0,0.0
1433,",",0,0.0
1434,og,0,0.0
1435,derfor,0,0.0
1436,har,0,0.0
1437,han,0,0.0
1438,ikke,0,0.0
1439,faaet,0,0.0
1440,den,0,0.0
1441,rette,1,0.0
1442,Skikkelse,0,0.0
1443,!,0,0.0
1444,«,0,0.0
1445,og,0,0.0
1446,saa,0,0.0
1447,pillede,0,0.0
1448,hun,0,0.0
1449,ham,0,0.0
1450,i,0,0.0
1451,Nakken,0,0.0
1452,og,0,0.0
1453,glattede,0,0.0
1454,paa,0,0.0
1455,Personen,0,0.0
1456,.,0,0.0
1457,»,0,0.0
1458,Han,0,0.0
1459,er,0,0.0
1460,desuden,0,0.0
1461,en,0,0.0
1462,Andrik,0,0.0
1463,",",0,0.0
1464,«,0,0.0
1465,sagde,0,0.0
1466,hun,0,0.0
1467,",",0,0.0
1468,»,0,0.0
1469,og,0,0.0
1470,saa,0,0.0
1471,gjør,0,0.0
1472,det,0,0.0
1473,ikke,0,0.0
1474,saa,0,0.0
1475,meget,0,0.0
1476,!,0,0.0
1477,jeg,0,0.0
1478,troer,0,0.0
1479,han,0,0.0
1480,faaer,0,0.0
1481,gode,1,0.0
1482,Kræfter,0,0.0
1483,",",0,0.0
1484,han,0,0.0
1485,staaer,0,0.0
1486,sig,0,0.0
1487,nok,1,0.0
1488,igjennem,0,0.0
1489,!,0,0.0
1490,«,0,0.0
1491,»,0,0.0
1492,De,0,0.0
1493,andre,0,0.0
1494,Ællinger,0,0.0
1495,ere,0,0.0
1496,nydelige,0,0.0
1497,!,0,0.0
1498,«,0,0.0
1499,sagde,0,0.0
1500,den,0,0.0
1501,Gamle,0,0.0
1502,",",0,0.0
1503,»,0,0.0
1504,lad,0,0.0
1505,nu,0,0.0
1506,",",0,0.0
1507,som,1,0.0
1508,I,0,0.0
1509,var,0,0.0
1510,hjemme,0,0.0
1511,",",0,0.0
1512,og,0,0.0
1513,finder,0,0.0
1514,I,0,0.0
1515,et,0,0.0
1516,Aalehoved,0,0.0
1517,",",0,0.0
1518,saa,0,0.0
1519,kan,0,0.0
1520,I,0,0.0
1521,bringe,0,0.0
1522,mig,0,0.0
1523,det,0,0.0
1524,!,0,0.0
1525,«,0,0.0
1526,-,0,0.0
1527,11,0,0.0
1528,see,0,0.0
1529,],0,0.0
1530,seer,0,0.0
1531,B,0,0.0
1532,.,0,0.0
1533,24,0,0.0
1534,for,0,0.0
1535,aparte,1,0.0
1536,],0,0.0
1537,aparte,1,0.0
1538,A3,0,0.0
1539,.,0,0.0
1540,Og,0,0.0
1541,saa,0,0.0
1542,vare,0,0.0
1543,de,0,0.0
1544,",",0,0.0
1545,som,1,0.0
1546,hjemme.Men,0,0.0
1547,den,0,0.0
1548,stakkels,-1,0.0
1549,Ælling,0,0.0
1550,",",0,0.0
1551,som,1,0.0
1552,sidst,0,0.0
1553,var,0,0.0
1554,kommen,0,0.0
1555,ud,0,0.0
1556,af,0,0.0
1557,Ægget,0,0.0
1558,",",0,0.0
1559,og,0,0.0
1560,saae,0,0.0
1561,saa,0,0.0
1562,fæl,0,0.0
1563,ud,0,0.0
1564,",",0,0.0
1565,blev,0,0.0
1566,bidt,0,0.0
1567,",",0,0.0
1568,puffet,0,0.0
1569,og,0,0.0
1570,gjort,0,0.0
1571,Nar,0,0.0
1572,af,0,0.0
1573,",",0,0.0
1574,og,0,0.0
1575,det,0,0.0
1576,baade,0,0.0
1577,af,0,0.0
1578,Ænderne,0,0.0
1579,og,0,0.0
1580,Hønsene,0,0.0
1581,.,0,0.0
1582,»,0,0.0
1583,Han,0,0.0
1584,er,0,0.0
1585,for,0,0.0
1586,stor,1,0.0
1587,!,0,0.0
1588,«,0,0.0
1589,sagde,0,0.0
1590,de,0,0.0
1591,Allesammen,0,0.0
1592,",",0,0.0
1593,og,0,0.0
1594,den,0,0.0
1595,kalkunske,0,0.0
1596,Hane,0,0.0
1597,",",0,0.0
1598,der,0,0.0
1599,var,0,0.0
1600,født,0,0.0
1601,med,0,0.0
1602,Sporer,0,0.0
1603,og,0,0.0
1604,troede,0,0.0
1605,derfor,0,0.0
1606,",",0,0.0
1607,at,0,0.0
1608,han,0,0.0
1609,var,0,0.0
1610,en,0,0.0
1611,Keiser,0,0.0
1612,",",0,0.0
1613,pustede,0,0.0
1614,sig,0,0.0
1615,op,0,0.0
1616,som,1,0.0
1617,et,0,0.0
1618,Fartøi,0,0.0
1619,for,0,0.0
1620,fulde,0,0.0
1621,Seil,0,0.0
1622,",",0,0.0
1623,gik,0,0.0
1624,lige,0,0.0
1625,ind,0,0.0
1626,paa,0,0.0
1627,ham,0,0.0
1628,og,0,0.0
1629,saa,0,0.0
1630,pludrede,0,0.0
1631,den,0,0.0
1632,og,0,0.0
1633,blev,0,0.0
1634,ganske,0,0.0
1635,rød,0,0.0
1636,i,0,0.0
1637,Hovedet,0,0.0
1638,.,0,0.0
1639,Den,0,0.0
1640,stakkels,-1,0.0
1641,Ælling,0,0.0
1642,vidste,0,0.0
1643,hverken,0,0.0
1644,",",0,0.0
1645,hvor,0,0.0
1646,den,0,0.0
1647,turde,1,2.0
1648,staae,0,0.0
1649,eller,0,0.0
1650,gaae,0,0.0
1651,",",0,0.0
1652,den,0,0.0
1653,var,0,0.0
1654,saa,0,0.0
1655,bedrøvet,0,-2.0
1656,",",0,0.0
1657,fordi,0,0.0
1658,den,0,0.0
1659,saae,0,0.0
1660,saa,0,0.0
1661,styg,0,0.0
1662,ud,0,0.0
1663,og,0,0.0
1664,var,0,0.0
1665,til,0,0.0
1666,Spot,0,0.0
1667,for,0,0.0
1668,hele,0,0.0
1669,Andegaarden.Saaledes,0,0.0
1670,gik,0,0.0
1671,det,0,0.0
1672,den,0,0.0
1673,første,0,0.0
1674,Dag,0,0.0
1675,",",0,0.0
1676,og,0,0.0
1677,siden,0,0.0
1678,blev,0,0.0
1679,det,0,0.0
1680,værre,-1,-3.0
1681,og,0,0.0
1682,værre,-1,-3.0
1683,.,0,0.0
1684,Den,0,0.0
1685,stakkels,-1,0.0
1686,Ælling,0,0.0
1687,blev,0,0.0
1688,jaget,0,0.0
1689,af,0,0.0
1690,dem,0,0.0
1691,Allesammen,0,0.0
1692,",",0,0.0
1693,selv,0,0.0
1694,hans,0,0.0
1695,Sødskende,0,0.0
1696,var,0,0.0
1697,saa,0,0.0
1698,onde,0,-3.0
1699,imod,0,-1.0
1700,ham,0,0.0
1701,",",0,0.0
1702,og,0,0.0
1703,de,0,0.0
1704,sagde,0,0.0
1705,altid,0,0.0
1706,:,0,0.0
1707,»,0,0.0
1708,bare,0,0.0
1709,Katten,0,0.0
1710,vilde,-1,0.0
1711,tage,-1,0.0
1712,Dig,0,0.0
1713,",",0,0.0
1714,dit,0,0.0
1715,fæle,0,0.0
1716,Spektakel,0,0.0
1717,!,0,0.0
1718,«,0,0.0
1719,og,0,0.0
1720,Moderen,0,0.0
1721,sagde,0,0.0
1722,:,0,0.0
1723,»,0,0.0
1724,gid,0,0.0
1725,Du,0,0.0
1726,bare,0,0.0
1727,var,0,0.0
1728,langt,0,0.0
1729,borte,0,0.0
1730,!,0,0.0
1731,«,0,0.0
1732,og,0,0.0
1733,Ænderne,0,0.0
1734,beed,0,0.0
1735,ham,0,0.0
1736,",",0,0.0
1737,og,0,0.0
1738,Hønsene,0,0.0
1739,huggede,0,0.0
1740,ham,0,0.0
1741,",",0,0.0
1742,og,0,0.0
1743,Pigen,0,0.0
1744,",",0,0.0
1745,som,1,0.0
1746,skulde,0,0.0
1747,give,0,0.0
1748,Dyrene,0,0.0
1749,Æde,0,0.0
1750,",",0,0.0
1751,sparkede,0,0.0
1752,til,0,0.0
1753,ham,0,0.0
1754,med,0,0.0
1755,Foden.Da,0,0.0
1756,løb,0,0.0
1757,og,0,0.0
1758,fløi,0,0.0
1759,han,0,0.0
1760,henover,0,0.0
1761,Hegnet,0,0.0
1762,;,0,0.0
1763,de,0,0.0
1764,smaa,0,0.0
1765,Fugle,0,0.0
1766,i,0,0.0
1767,Buskene,0,0.0
1768,foer,0,0.0
1769,forskrækket,0,-2.0
1770,i,0,0.0
1771,Veiret,0,0.0
1772,",",0,0.0
1773,»,0,0.0
1774,det,0,0.0
1775,er,0,0.0
1776,fordi,0,0.0
1777,jeg,0,0.0
1778,er,0,0.0
1779,saa,0,0.0
1780,styg,0,0.0
1781,",",0,0.0
1782,«,0,0.0
1783,tænkte,0,0.0
1784,Ællingen,0,0.0
1785,og,0,0.0
1786,lukkede,0,0.0
1787,Øinene,0,0.0
1788,",",0,0.0
1789,men,0,0.0
1790,løb,0,0.0
1791,alligevel,0,0.0
1792,afsted,0,0.0
1793,;,0,0.0
1794,saa,0,0.0
1795,kom,0,0.0
1796,den,0,0.0
1797,ud,0,0.0
1798,i,0,0.0
1799,den,0,0.0
1800,store,1,0.0
1801,Mose,0,0.0
1802,",",0,0.0
1803,hvor,0,0.0
1804,Vildænderne,0,0.0
1805,boede,0,0.0
1806,.,0,0.0
1807,Her,0,0.0
1808,laae,0,0.0
1809,den,0,0.0
1810,hele,0,0.0
1811,Natten,0,0.0
1812,",",0,0.0
1813,den,0,0.0
1814,var,0,0.0
1815,saa,0,0.0
1816,træt,-1,-2.0
1817,og,0,0.0
1818,sorrigfuld.Om,0,0.0
1819,Morgenen,0,0.0
1820,fløi,0,0.0
1821,Vildænderne,0,0.0
1822,op,0,0.0
1823,",",0,0.0
1824,og,0,0.0
1825,de,0,0.0
1826,saae,0,0.0
1827,paa,0,0.0
1828,den,0,0.0
1829,nye,0,0.0
1830,Kamerat,0,0.0
1831,",",0,0.0
1832,»,0,0.0
1833,hvad,0,0.0
1834,er,0,0.0
1835,Du,0,0.0
1836,for,0,0.0
1837,een,0,0.0
1838,?,0,0.0
1839,«,0,0.0
1840,spurgte,0,0.0
1841,de,0,0.0
1842,",",0,0.0
1843,og,0,0.0
1844,Ællingen,0,0.0
1845,dreiede,0,0.0
1846,sig,0,0.0
1847,til,0,0.0
1848,alle,0,0.0
1849,Sider,0,0.0
1850,",",0,0.0
1851,og,0,0.0
1852,hilsede,0,0.0
1853,saa,0,0.0
1854,godt,1,3.0
1855,den,0,0.0
1856,kunde,0,0.0
1857,.,0,0.0
1858,»,0,0.0
1859,Du,0,0.0
1860,er,0,0.0
1861,inderlig,0,2.0
1862,styg,0,0.0
1863,!,0,0.0
1864,«,0,0.0
1865,sagde,0,0.0
1866,Vildænderne,0,0.0
1867,",",0,0.0
1868,»,0,0.0
1869,men,0,0.0
1870,det,0,0.0
1871,kan,0,0.0
1872,da,-1,0.0
1873,være,0,0.0
1874,os,0,0.0
1875,det,0,0.0
1876,samme,0,0.0
1877,",",0,0.0
1878,naar,0,0.0
1879,Du,0,0.0
1880,ikke,0,0.0
1881,gifter,0,0.0
1882,Dig,0,0.0
1883,ind,0,0.0
1884,i,0,0.0
1885,vor,0,0.0
1886,Familie,0,0.0
1887,!,0,0.0
1888,«,0,0.0
1889,-,0,0.0
1890,Den,0,0.0
1891,Stakkel,0,0.0
1892,!,0,0.0
1893,han,0,0.0
1894,tænkte,0,0.0
1895,rigtignok,0,0.0
1896,ikke,0,0.0
1897,paa,0,0.0
1898,at,0,0.0
1899,gifte,0,0.0
1900,sig,0,0.0
1901,",",0,0.0
1902,turde,1,2.0
1903,han,0,0.0
1904,bare,0,0.0
1905,have,0,0.0
1906,Lov,0,0.0
1907,at,0,0.0
1908,ligge,-1,0.0
1909,i,0,0.0
1910,Sivene,0,0.0
1911,og,0,0.0
1912,drikke,0,0.0
1913,lidt,-1,0.0
1914,Mosevand.Der,0,0.0
1915,laae,0,0.0
1916,han,0,0.0
1917,i,0,0.0
1918,hele,0,0.0
1919,to,0,0.0
1920,Dage,0,0.0
1921,",",0,0.0
1922,saa,0,0.0
1923,kom,0,0.0
1924,der,0,0.0
1925,to,0,0.0
1926,Vildgjæs,0,0.0
1927,eller,0,0.0
1928,rettere,0,0.0
1929,Vildgasser,0,0.0
1930,",",0,0.0
1931,for,0,0.0
1932,de,0,0.0
1933,vare,0,0.0
1934,to,0,0.0
1935,Hanner,0,0.0
1936,;,0,0.0
1937,det,0,0.0
1938,var,0,0.0
1939,ikke,0,0.0
1940,mange,0,0.0
1941,Tider,0,0.0
1942,siden,0,0.0
1943,de,0,0.0
1944,vare,0,0.0
1945,komne,0,0.0
1946,ud,0,0.0
1947,af,0,0.0
1948,Ægget,0,0.0
1949,",",0,0.0
1950,og,0,0.0
1951,derfor,0,0.0
1952,vare,0,0.0
1953,de,0,0.0
1954,saa,0,0.0
1955,raske,0,0.0
1956,paa,0,0.0
1957,det,0,0.0
1958,.,0,0.0
1959,»,0,0.0
1960,Hør,0,0.0
1961,Kammerat,0,0.0
1962,!,0,0.0
1963,«,0,0.0
1964,sagde,0,0.0
1965,de,0,0.0
1966,",",0,0.0
1967,»,0,0.0
1968,Du,0,0.0
1969,er,0,0.0
1970,saa,0,0.0
1971,styg,0,0.0
1972,at,0,0.0
1973,jeg,0,0.0
1974,kan,0,0.0
1975,godt,1,3.0
1976,lide,0,1.0
1977,Dig,0,0.0
1978,!,0,0.0
1979,vil,0,0.0
1980,Du,0,0.0
1981,drive,1,0.0
1982,med,0,0.0
1983,og,0,0.0
1984,være,0,0.0
1985,Trækfugl,0,0.0
1986,!,0,0.0
1987,tæt,0,0.0
1988,herved,0,0.0
1989,i,0,0.0
1990,en,0,0.0
1991,anden,0,0.0
1992,Mose,0,0.0
1993,er,0,0.0
1994,der,0,0.0
1995,nogle,0,0.0
1996,søde,1,2.0
1997,velsignede,0,0.0
1998,Vildgjæs,0,0.0
1999,",",0,0.0
2000,allesammen,0,0.0
2001,Frøkener,0,0.0
2002,",",0,0.0
2003,der,0,0.0
2004,kunne,0,0.0
2005,sige,0,0.0
2006,:,0,0.0
2007,rap,-1,0.0
2008,!,0,0.0
2009,Du,0,0.0
2010,er,0,0.0
2011,istand,0,0.0
2012,til,0,0.0
2013,at,0,0.0
2014,gjøre,0,0.0
2015,din,-1,0.0
2016,Lykke,0,3.0
2017,",",0,0.0
2018,saa,0,0.0
2019,styg,0,0.0
2020,er,0,0.0
2021,Du,0,0.0
2022,!,0,0.0
2023,«,0,0.0
2024,-,0,0.0
2025,-,0,0.0
2026,»,0,0.0
2027,Pif,0,0.0
2028,!,0,0.0
2029,paf,0,0.0
2030,!,0,0.0
2031,«,0,0.0
2032,lød,0,0.0
2033,i,0,0.0
2034,det,0,0.0
2035,samme,0,0.0
2036,ovenover,0,0.0
2037,",",0,0.0
2038,og,0,0.0
2039,begge,0,0.0
2040,Vildgasserne,0,0.0
2041,faldt,-1,0.0
2042,døde,-1,-3.0
2043,ned,0,0.0
2044,i,0,0.0
2045,Sivene,0,0.0
2046,",",0,0.0
2047,og,0,0.0
2048,Vandet,0,0.0
2049,blev,0,0.0
2050,blodrødt,0,0.0
2051,;,0,0.0
2052,pif,0,0.0
2053,!,0,0.0
2054,paf,0,0.0
2055,!,0,0.0
2056,lød2,0,0.0
2057,kommen,0,0.0
2058,],0,0.0
2059,kommet,0,0.0
2060,B,0,0.0
2061,-,0,0.0
2062,C,0,0.0
2063,",",0,0.0
2064,kommen,0,0.0
2065,D,0,0.0
2066,.,0,0.0
2067,6,0,0.0
2068,en,0,0.0
2069,Keiser,0,0.0
2070,],0,0.0
2071,Keiser,0,0.0
2072,A2,0,0.0
2073,.,0,0.0
2074,13,0,0.0
2075,var,0,0.0
2076,],0,0.0
2077,vare,0,0.0
2078,A2,0,0.0
2079,.,0,0.0
2080,25,0,0.0
2081,hilsede,0,0.0
2082,],0,0.0
2083,hilste,0,2.0
2084,B,0,0.0
2085,.,0,0.0
2086,34,0,0.0
2087,kan,0,0.0
2088,godt,1,3.0
2089,],0,0.0
2090,godt,1,3.0
2091,kan,0,0.0
2092,A2,0,0.0
2093,.,0,0.0
2094,39,0,0.0
2095,»,0,0.0
2096,Pif,0,0.0
2097,],0,0.0
2098,»,0,0.0
2099,mgl,0,0.0
2100,.,0,0.0
2101,A.det,0,0.0
2102,igjen,0,0.0
2103,",",0,0.0
2104,og,0,0.0
2105,hele,0,0.0
2106,Skarer,0,0.0
2107,af,0,0.0
2108,Vildgjæs,0,0.0
2109,fløi,0,0.0
2110,op,0,0.0
2111,af,0,0.0
2112,Sivene,0,0.0
2113,",",0,0.0
2114,og,0,0.0
2115,saa,0,0.0
2116,knaldede,0,0.0
2117,det,0,0.0
2118,igjen,0,0.0
2119,.,0,0.0
2120,Der,0,0.0
2121,var,0,0.0
2122,stor,1,0.0
2123,Jagt,0,0.0
2124,",",0,0.0
2125,Jægerne,0,0.0
2126,laae,0,0.0
2127,rundtom,0,0.0
2128,Mosen,0,0.0
2129,",",0,0.0
2130,ja,0,1.0
2131,nogle,0,0.0
2132,sad,-1,0.0
2133,oppe,0,0.0
2134,i,0,0.0
2135,Trægrenene,0,0.0
2136,",",0,0.0
2137,der,0,0.0
2138,strakte,0,0.0
2139,sig,0,0.0
2140,langt,0,0.0
2141,ud,0,0.0
2142,over,0,0.0
2143,Sivene,0,0.0
2144,;,0,0.0
2145,den,0,0.0
2146,blaae,0,0.0
2147,Røg,0,0.0
2148,gik,0,0.0
2149,ligesom,1,0.0
2150,Skyer,0,0.0
2151,ind,0,0.0
2152,imellem,0,0.0
2153,de,0,0.0
2154,mørke,-1,-1.0
2155,Træer,0,0.0
2156,og,0,0.0
2157,hang,-1,0.0
2158,langt,0,0.0
2159,hen,0,0.0
2160,over,0,0.0
2161,Vandet,0,0.0
2162,;,0,0.0
2163,i,0,0.0
2164,Mudderet,0,0.0
2165,kom,0,0.0
2166,Jagthundene,0,0.0
2167,",",0,0.0
2168,klask,0,0.0
2169,klask,0,0.0
2170,;,0,0.0
2171,Siv,0,0.0
2172,og,0,0.0
2173,Rør,0,0.0
2174,svaiede,0,0.0
2175,til,0,0.0
2176,alle,0,0.0
2177,Sider,0,0.0
2178,;,0,0.0
2179,det,0,0.0
2180,var,0,0.0
2181,en,0,0.0
2182,Forskrækkelse,0,-2.0
2183,for,0,0.0
2184,den,0,0.0
2185,stakkels,-1,0.0
2186,Ælling,0,0.0
2187,",",0,0.0
2188,den,0,0.0
2189,dreiede,0,0.0
2190,Hovedet,0,0.0
2191,om,0,0.0
2192,for,0,0.0
2193,at,0,0.0
2194,faae,0,0.0
2195,det,0,0.0
2196,under,1,0.0
2197,Vingen,0,0.0
2198,",",0,0.0
2199,og,0,0.0
2200,lige,0,0.0
2201,i,0,0.0
2202,det,0,0.0
2203,samme,0,0.0
2204,stod,0,0.0
2205,tæt,0,0.0
2206,ved,0,0.0
2207,den,0,0.0
2208,en,0,0.0
2209,frygtelig,-1,-3.0
2210,stor,1,0.0
2211,Hund,0,0.0
2212,",",0,0.0
2213,Tungen,0,0.0
2214,hang,-1,0.0
2215,ham,0,0.0
2216,langt,0,0.0
2217,ud,0,0.0
2218,af,0,0.0
2219,Halsen,0,0.0
2220,",",0,0.0
2221,og,0,0.0
2222,Øinene,0,0.0
2223,skinnede,0,0.0
2224,grueligt,0,0.0
2225,fælt,0,0.0
2226,;,0,0.0
2227,han,0,0.0
2228,satte,0,0.0
2229,sit,0,0.0
2230,Gab,0,0.0
2231,lige,0,0.0
2232,ned,0,0.0
2233,imod,0,-1.0
2234,Ællingen,0,0.0
2235,",",0,0.0
2236,viste,0,0.0
2237,de,0,0.0
2238,skarpe,0,0.0
2239,Tænder,0,0.0
2240,-,0,0.0
2241,-,0,0.0
2242,og,0,0.0
2243,pladsk,0,0.0
2244,!,0,0.0
2245,pladsk,0,0.0
2246,!,0,0.0
2247,gik,0,0.0
2248,han,0,0.0
2249,igjen,0,0.0
2250,uden,0,0.0
2251,at,0,0.0
2252,tage,-1,0.0
2253,den,0,0.0
2254,.,0,0.0
2255,»,0,0.0
2256,O,0,0.0
2257,Gud,0,0.0
2258,skee,0,0.0
2259,Lov,0,0.0
2260,!,0,0.0
2261,«,0,0.0
2262,sukkede,0,-2.0
2263,Ællingen,0,0.0
2264,",",0,0.0
2265,»,0,0.0
2266,jeg,0,0.0
2267,er,0,0.0
2268,saa,0,0.0
2269,styg,0,0.0
2270,",",0,0.0
2271,at,0,0.0
2272,selv,0,0.0
2273,Hunden,0,0.0
2274,ikke,0,0.0
2275,gider,-1,-2.0
2276,bide,0,0.0
2277,mig,0,0.0
2278,!,0,0.0
2279,«,0,0.0
2280,Og,0,0.0
2281,saa,0,0.0
2282,laae,0,0.0
2283,den,0,0.0
2284,ganske,0,0.0
2285,stille,1,0.0
2286,",",0,0.0
2287,mens,0,0.0
2288,Haglene,0,0.0
2289,susede,0,0.0
2290,i,0,0.0
2291,Sivene,0,0.0
2292,",",0,0.0
2293,og,0,0.0
2294,det,0,0.0
2295,knaldede,0,0.0
2296,Skud,0,0.0
2297,paa,0,0.0
2298,Skud.Først,0,0.0
2299,langt,0,0.0
2300,ud,0,0.0
2301,paa,0,0.0
2302,Dagen,0,0.0
2303,blev,0,0.0
2304,der,0,0.0
2305,stille,1,0.0
2306,",",0,0.0
2307,men,0,0.0
2308,den,0,0.0
2309,stakkels,-1,0.0
2310,Unge,0,0.0
2311,turde,1,2.0
2312,endnu,0,0.0
2313,ikke,0,0.0
2314,reise,0,0.0
2315,sig,0,0.0
2316,",",0,0.0
2317,den,0,0.0
2318,ventede,0,-1.0
2319,flere,0,0.0
2320,Timer,0,0.0
2321,endnu,0,0.0
2322,",",0,0.0
2323,før,0,0.0
2324,den,0,0.0
2325,saae,0,0.0
2326,sig,0,0.0
2327,om,0,0.0
2328,",",0,0.0
2329,og,0,0.0
2330,saa,0,0.0
2331,skyndte,0,0.0
2332,den,0,0.0
2333,sig,0,0.0
2334,afsted,0,0.0
2335,fra,0,0.0
2336,Mosen,0,0.0
2337,",",0,0.0
2338,alt,0,0.0
2339,hvad,0,0.0
2340,den,0,0.0
2341,kunde,0,0.0
2342,;,0,0.0
2343,den,0,0.0
2344,løb,0,0.0
2345,over,0,0.0
2346,Mark,0,0.0
2347,og,0,0.0
2348,over,0,0.0
2349,Eng,0,0.0
2350,",",0,0.0
2351,det,0,0.0
2352,var,0,0.0
2353,en,0,0.0
2354,Blæst,0,0.0
2355,",",0,0.0
2356,saa,0,0.0
2357,at,0,0.0
2358,den,0,0.0
2359,havde,0,0.0
2360,haardt,0,0.0
2361,ved,0,0.0
2362,at,0,0.0
2363,komme,0,0.0
2364,afsted.Mod,0,0.0
2365,Aften,0,0.0
2366,naaede,0,0.0
2367,den,0,0.0
2368,et,0,0.0
2369,fattigt,0,-2.0
2370,lille,0,0.0
2371,Bondehuus,0,0.0
2372,;,0,0.0
2373,det,0,0.0
2374,var,0,0.0
2375,saa,0,0.0
2376,elendigt,0,-3.0
2377,",",0,0.0
2378,at,0,0.0
2379,det,0,0.0
2380,ikke,0,0.0
2381,selv,0,0.0
2382,vidste,0,0.0
2383,til,0,0.0
2384,hvad,0,0.0
2385,Side,0,0.0
2386,det,0,0.0
2387,vilde,-1,0.0
2388,falde,-1,0.0
2389,",",0,0.0
2390,og,0,0.0
2391,saa,0,0.0
2392,blev,0,0.0
2393,det,0,0.0
2394,staaende,0,0.0
2395,.,0,0.0
2396,Blæsten,0,0.0
2397,susede,0,0.0
2398,saaledes,0,0.0
2399,om,0,0.0
2400,Ællingen,0,0.0
2401,",",0,0.0
2402,at,0,0.0
2403,han,0,0.0
2404,maatte,0,0.0
2405,sætte,0,0.0
2406,sig,0,0.0
2407,paa,0,0.0
2408,Halen,0,0.0
2409,for,0,0.0
2410,at,0,0.0
2411,holde,1,0.0
2412,imod,0,-1.0
2413,;,0,0.0
2414,og,0,0.0
2415,det,0,0.0
2416,blev,0,0.0
2417,værre,-1,-3.0
2418,og,0,0.0
2419,værre,-1,-3.0
2420,;,0,0.0
2421,da,-1,0.0
2422,mærkede,0,0.0
2423,han,0,0.0
2424,",",0,0.0
2425,at,0,0.0
2426,Døren,0,0.0
2427,var,0,0.0
2428,gaaet,0,0.0
2429,af,0,0.0
2430,det,0,0.0
2431,ene,0,0.0
2432,Hængsel,0,0.0
2433,",",0,0.0
2434,og,0,0.0
2435,hang,-1,0.0
2436,saa,0,0.0
2437,skjævt,0,0.0
2438,",",0,0.0
2439,at,0,0.0
2440,han,0,0.0
2441,igjennem,0,0.0
2442,Sprækken,0,0.0
2443,kunde,0,0.0
2444,smutte,0,0.0
2445,ind,0,0.0
2446,i,0,0.0
2447,Stuen,0,0.0
2448,",",0,0.0
2449,og,0,0.0
2450,det,0,0.0
2451,gjorde,0,0.0
2452,han.Her,0,0.0
2453,boede,0,0.0
2454,en,0,0.0
2455,gammel,0,0.0
2456,Kone,0,0.0
2457,med,0,0.0
2458,sin,-1,0.0
2459,Kat,0,0.0
2460,og,0,0.0
2461,sin,-1,0.0
2462,Høne,0,0.0
2463,",",0,0.0
2464,og,0,0.0
2465,Katten,0,0.0
2466,",",0,0.0
2467,som,1,0.0
2468,hun,0,0.0
2469,kaldte,0,0.0
2470,Sønneke,0,0.0
2471,",",0,0.0
2472,kunde,0,0.0
2473,skyde,0,-1.0
2474,Ryg,0,0.0
2475,og,0,0.0
2476,spinde,0,0.0
2477,",",0,0.0
2478,han,0,0.0
2479,gnistrede,0,0.0
2480,saagar,0,0.0
2481,",",0,0.0
2482,men,0,0.0
2483,saa,0,0.0
2484,maatte,0,0.0
2485,man,0,0.0
2486,stryge,0,0.0
2487,ham,0,0.0
2488,mod,1,0.0
2489,Haarene,0,0.0
2490,;,0,0.0
2491,Hønen,0,0.0
2492,havde,0,0.0
2493,ganske,0,0.0
2494,smaae,0,0.0
2495,lave,0,0.0
2496,Been,0,0.0
2497,",",0,0.0
2498,og,0,0.0
2499,derfor,0,0.0
2500,kaldtes,0,0.0
2501,den,0,0.0
2502,»,0,0.0
2503,Kykkelilavbeen,0,0.0
2504,;,0,0.0
2505,«,0,0.0
2506,den,0,0.0
2507,lagde,0,0.0
2508,*,0,0.0
2509,godt,1,3.0
2510,Æg,0,0.0
2511,",",0,0.0
2512,og,0,0.0
2513,Konen,0,0.0
2514,holdt,0,0.0
2515,af,0,0.0
2516,den,0,0.0
2517,",",0,0.0
2518,som,1,0.0
2519,af,0,0.0
2520,sit,0,0.0
2521,eget,0,0.0
2522,Barn.Om,0,0.0
2523,Morgenen,0,0.0
2524,mærkede,0,0.0
2525,man,0,0.0
2526,strax,0,0.0
2527,den,0,0.0
2528,fremmede,0,0.0
2529,Ælling,0,0.0
2530,",",0,0.0
2531,og,0,0.0
2532,Katten,0,0.0
2533,begyndte,0,0.0
2534,at,0,0.0
2535,spinde,0,0.0
2536,og,0,0.0
2537,Hønen,0,0.0
2538,at,0,0.0
2539,klukke,0,0.0
2540,.,0,0.0
2541,»,0,0.0
2542,Hvad,0,0.0
2543,for,0,0.0
2544,noget,0,0.0
2545,!,0,0.0
2546,«,0,0.0
2547,sagde,0,0.0
2548,Konen,0,0.0
2549,",",0,0.0
2550,og,0,0.0
2551,saae,0,0.0
2552,rundtomkring,0,0.0
2553,",",0,0.0
2554,men,0,0.0
2555,hun,0,0.0
2556,saae,0,0.0
2557,ikke,0,0.0
2558,godt,1,3.0
2559,",",0,0.0
2560,og,0,0.0
2561,saa,0,0.0
2562,troede,0,0.0
2563,hun,0,0.0
2564,",",0,0.0
2565,at,0,0.0
2566,Ællingen,0,0.0
2567,var,0,0.0
2568,en,0,0.0
2569,feed,0,0.0
2570,And,0,0.0
2571,",",0,0.0
2572,der,0,0.0
2573,havde,0,0.0
2574,forvildet,0,0.0
2575,sig,0,0.0
2576,.,0,0.0
2577,»,0,0.0
2578,Det,0,0.0
2579,var,0,0.0
2580,jo,0,0.0
2581,en,0,0.0
2582,rar,0,2.0
2583,Fangst,0,0.0
2584,!,0,0.0
2585,«,0,0.0
2586,sagde,0,0.0
2587,hun,0,0.0
2588,",",0,0.0
2589,»,0,0.0
2590,nu,0,0.0
2591,kan,0,0.0
2592,jeg,0,0.0
2593,faae,0,0.0
2594,Ande,0,0.0
2595,-,0,0.0
2596,Æg,0,0.0
2597,",",0,0.0
2598,er,0,0.0
2599,den,0,0.0
2600,bare,0,0.0
2601,ikke,0,0.0
2602,en,0,0.0
2603,Andrik,0,0.0
2604,!,0,0.0
2605,det,0,0.0
2606,maa,0,0.0
2607,vi,0,0.0
2608,prøve,0,0.0
2609,!,0,0.0
2610,«,0,0.0
2611,11,0,0.0
2612,pladsk,0,0.0
2613,!,0,0.0
2614,pladsk,0,0.0
2615,!,0,0.0
2616,],0,0.0
2617,pladsk,0,0.0
2618,!,0,0.0
2619,B,0,0.0
2620,.,0,0.0
2621,20,0,0.0
2622,og,0,0.0
2623,over,0,0.0
2624,],0,0.0
2625,og,0,0.0
2626,A2,0,0.0
2627,.,0,0.0
2628,33,0,0.0
2629,*,0,0.0
2630,godt,1,3.0
2631,],0,0.0
2632,gode,1,0.0
2633,A,0,0.0
2634,",",0,0.0
2635,godt,1,3.0
2636,A2,0,0.0
2637,.,0,0.0
2638,Og,0,0.0
2639,saa,0,0.0
2640,blev,0,0.0
2641,Ællingen,0,0.0
2642,antaget,0,0.0
2643,paa,0,0.0
2644,Prøve,0,0.0
2645,i,0,0.0
2646,tre,0,0.0
2647,Uger,0,0.0
2648,",",0,0.0
2649,men,0,0.0
2650,der,0,0.0
2651,kom,0,0.0
2652,ingen,0,0.0
2653,Æg,0,0.0
2654,.,0,0.0
2655,Og,0,0.0
2656,Katten,0,0.0
2657,var,0,0.0
2658,Herre,0,0.0
2659,i,0,0.0
2660,Huset,0,0.0
2661,og,0,0.0
2662,Hønen,0,0.0
2663,var,0,0.0
2664,Madamme,0,0.0
2665,",",0,0.0
2666,og,0,0.0
2667,alletider,0,0.0
2668,sagde,0,0.0
2669,de,0,0.0
2670,:,0,0.0
2671,»,0,0.0
2672,vi,0,0.0
2673,og,0,0.0
2674,Verden,0,0.0
2675,!,0,0.0
2676,«,0,0.0
2677,for,0,0.0
2678,de,0,0.0
2679,troede,0,0.0
2680,",",0,0.0
2681,at,0,0.0
2682,de,0,0.0
2683,vare,0,0.0
2684,Halvparten,0,0.0
2685,",",0,0.0
2686,og,0,0.0
2687,det,0,0.0
2688,den,0,0.0
2689,allerbedste,0,0.0
2690,Deel,0,0.0
2691,.,0,0.0
2692,Ællingen,0,0.0
2693,syntes,0,0.0
2694,",",0,0.0
2695,at,0,0.0
2696,man,0,0.0
2697,kunde,0,0.0
2698,ogsaa,0,0.0
2699,have,0,0.0
2700,en,0,0.0
2701,anden,0,0.0
2702,Mening,0,0.0
2703,",",0,0.0
2704,men,0,0.0
2705,det,0,0.0
2706,taalte,0,0.0
2707,Hønen,0,0.0
2708,ikke,0,0.0
2709,.,0,0.0
2710,»,0,0.0
2711,Kan,0,0.0
2712,Du,0,0.0
2713,lægge,0,0.0
2714,Æg,0,0.0
2715,?,0,0.0
2716,«,0,0.0
2717,spurgte,0,0.0
2718,hun,0,0.0
2719,.,0,0.0
2720,»,0,0.0
2721,Nei,0,0.0
2722,!,0,0.0
2723,«,0,0.0
2724,»,0,0.0
2725,Ja,0,1.0
2726,",",0,0.0
2727,vil,0,0.0
2728,Du,0,0.0
2729,saa,0,0.0
2730,holde,1,0.0
2731,din,-1,0.0
2732,Mund,0,0.0
2733,!,0,0.0
2734,«,0,0.0
2735,Og,0,0.0
2736,Katten,0,0.0
2737,sagde,0,0.0
2738,:,0,0.0
2739,»,0,0.0
2740,Kan,0,0.0
2741,Du,0,0.0
2742,skyde,0,-1.0
2743,Ryg,0,0.0
2744,",",0,0.0
2745,spinde,0,0.0
2746,og,0,0.0
2747,gnistre,0,3.0
2748,?,0,0.0
2749,«,0,0.0
2750,»,0,0.0
2751,Nei,0,0.0
2752,!,0,0.0
2753,«,0,0.0
2754,»,0,0.0
2755,Ja,0,1.0
2756,saa,0,0.0
2757,skal,0,0.0
2758,Du,0,0.0
2759,ikke,0,0.0
2760,have,0,0.0
2761,Mening,0,0.0
2762,",",0,0.0
2763,naar,0,0.0
2764,fornuftige,0,0.0
2765,Folk,0,0.0
2766,tale,0,0.0
2767,!,0,0.0
2768,«,0,0.0
2769,Og,0,0.0
2770,Ællingen,0,0.0
2771,sad,-1,0.0
2772,i,0,0.0
2773,Krogen,0,0.0
2774,og,0,0.0
2775,var,0,0.0
2776,i,0,0.0
2777,daarligt,0,0.0
2778,Humeur,0,0.0
2779,;,0,0.0
2780,da,-1,0.0
2781,kom,0,0.0
2782,den,0,0.0
2783,til,0,0.0
2784,at,0,0.0
2785,tænke,1,0.0
2786,paa,0,0.0
2787,den,0,0.0
2788,friske,0,0.0
2789,Luft,0,0.0
2790,og,0,0.0
2791,Solskinnet,0,0.0
2792,;,0,0.0
2793,den,0,0.0
2794,fik,0,2.0
2795,saadan,0,0.0
2796,en,0,0.0
2797,forunderlig,0,0.0
2798,Lyst,0,0.0
2799,til,0,0.0
2800,at,0,0.0
2801,flyde,-1,0.0
2802,paa,0,0.0
2803,Vandet,0,0.0
2804,",",0,0.0
2805,tilsidst,0,0.0
2806,kunde,0,0.0
2807,den,0,0.0
2808,ikke,0,0.0
2809,lade,0,0.0
2810,være,0,0.0
2811,",",0,0.0
2812,den,0,0.0
2813,maatte,0,0.0
2814,sige,0,0.0
2815,det,0,0.0
2816,til,0,0.0
2817,Hønen,0,0.0
2818,.,0,0.0
2819,»,0,0.0
2820,Hvad,0,0.0
2821,gaaer,0,0.0
2822,der,0,0.0
2823,af,0,0.0
2824,Dig,0,0.0
2825,?,0,0.0
2826,«,0,0.0
2827,spurgte,0,0.0
2828,hun,0,0.0
2829,.,0,0.0
2830,»,0,0.0
2831,Du,0,0.0
2832,har,0,0.0
2833,ingen,0,0.0
2834,Ting,0,0.0
2835,at,0,0.0
2836,bestille,0,0.0
2837,",",0,0.0
2838,derfor,0,0.0
2839,komme,0,0.0
2840,de,0,0.0
2841,Nykker,0,0.0
2842,over,0,0.0
2843,dig,0,0.0
2844,!,0,0.0
2845,Læg,0,0.0
2846,Æg,0,0.0
2847,eller,0,0.0
2848,spind,0,0.0
2849,",",0,0.0
2850,saa,0,0.0
2851,gaae,0,0.0
2852,de,0,0.0
2853,over,0,0.0
2854,.,0,0.0
2855,«,0,0.0
2856,»,0,0.0
2857,Men,0,0.0
2858,det,0,0.0
2859,er,0,0.0
2860,saa,0,0.0
2861,deiligt,0,0.0
2862,at,0,0.0
2863,flyde,-1,0.0
2864,paa,0,0.0
2865,Vandet,0,0.0
2866,!,0,0.0
2867,«,0,0.0
2868,sagde,0,0.0
2869,Ællingen,0,0.0
2870,",",0,0.0
2871,»,0,0.0
2872,saa,0,0.0
2873,deiligt,0,0.0
2874,at,0,0.0
2875,faae,0,0.0
2876,det,0,0.0
2877,over,0,0.0
2878,Hovedet,0,0.0
2879,og,0,0.0
2880,dukke,0,0.0
2881,ned,0,0.0
2882,paa,0,0.0
2883,Bunden,0,0.0
2884,!,0,0.0
2885,«,0,0.0
2886,»,0,0.0
2887,Ja,0,1.0
2888,det,0,0.0
2889,er,0,0.0
2890,en,0,0.0
2891,stor,1,0.0
2892,Fornøielse,0,0.0
2893,!,0,0.0
2894,«,0,0.0
2895,sagde,0,0.0
2896,Hønen,0,0.0
2897,",",0,0.0
2898,»,0,0.0
2899,Du,0,0.0
2900,er,0,0.0
2901,nok,1,0.0
2902,bleven,0,0.0
2903,gal,-1,-3.0
2904,!,0,0.0
2905,Spørg,0,0.0
2906,Katten,0,0.0
2907,ad,0,0.0
2908,",",0,0.0
2909,han,0,0.0
2910,er,0,0.0
2911,den,0,0.0
2912,klogeste,0,0.0
2913,",",0,0.0
2914,jeg,0,0.0
2915,kjender,0,0.0
2916,",",0,0.0
2917,om,0,0.0
2918,han,0,0.0
2919,holder,0,0.0
2920,af,0,0.0
2921,at,0,0.0
2922,flyde,-1,0.0
2923,paa,0,0.0
2924,Vandet,0,0.0
2925,",",0,0.0
2926,eller,0,0.0
2927,dykke,0,0.0
2928,ned,0,0.0
2929,!,0,0.0
2930,jeg,0,0.0
2931,vil,0,0.0
2932,ikke,0,0.0
2933,tale,0,0.0
2934,om,0,0.0
2935,mig,0,0.0
2936,.,0,0.0
2937,-,0,0.0
2938,Spørg,0,0.0
2939,selv,0,0.0
2940,vort,0,0.0
2941,Herskab,0,0.0
2942,",",0,0.0
2943,den,0,0.0
2944,gamle,0,0.0
2945,Kone,0,0.0
2946,",",0,0.0
2947,klogere,0,0.0
2948,end,0,0.0
2949,hende,0,0.0
2950,er,0,0.0
2951,der,0,0.0
2952,Ingen,0,0.0
2953,i,0,0.0
2954,Verden,0,0.0
2955,!,0,0.0
2956,troer,0,0.0
2957,Du,0,0.0
2958,",",0,0.0
2959,hun,0,0.0
2960,har,0,0.0
2961,Lyst,0,0.0
2962,til,0,0.0
2963,at,0,0.0
2964,flyde,-1,0.0
2965,og,0,0.0
2966,faae,0,0.0
2967,Vand,0,0.0
2968,over,0,0.0
2969,Hovedet,0,0.0
2970,!,0,0.0
2971,«,0,0.0
2972,»,0,0.0
2973,I,0,0.0
2974,forstaae,0,0.0
2975,mig,0,0.0
2976,ikke,0,0.0
2977,!,0,0.0
2978,«,0,0.0
2979,sagde,0,0.0
2980,Ællingen,0,0.0
2981,.,0,0.0
2982,»,0,0.0
2983,Ja,0,1.0
2984,",",0,0.0
2985,forstaae,0,0.0
2986,vi,0,0.0
2987,Dig,0,0.0
2988,ikke,0,0.0
2989,",",0,0.0
2990,hvem,0,0.0
2991,skulde,0,0.0
2992,saa,0,0.0
2993,forstaae,0,0.0
2994,Dig,0,0.0
2995,!,0,0.0
2996,Du,0,0.0
2997,vil,0,0.0
2998,dog,0,0.0
2999,vel,0,0.0
3000,aldrig,0,0.0
3001,være,0,0.0
3002,klogere,0,0.0
3003,end,0,0.0
3004,Katten,0,0.0
3005,og,0,0.0
3006,Konen,0,0.0
3007,",",0,0.0
3008,for,0,0.0
3009,ikke,0,0.0
3010,at,0,0.0
3011,nævne,0,0.0
3012,mig,0,0.0
3013,!,0,0.0
3014,Skab,0,0.0
3015,Dig,0,0.0
3016,ikke,0,0.0
3017,.,0,0.0
3018,Barn,0,0.0
3019,!,0,0.0
3020,og,0,0.0
3021,tak,1,2.0
3022,Du,0,0.0
3023,din,-1,0.0
3024,Skaber,0,0.0
3025,for,0,0.0
3026,alt,0,0.0
3027,det,0,0.0
3028,Gode,0,0.0
3029,",",0,0.0
3030,man,0,0.0
3031,har,0,0.0
3032,gjort,0,0.0
3033,for,0,0.0
3034,dig,0,0.0
3035,!,0,0.0
3036,Er,0,0.0
3037,Du,0,0.0
3038,ikke,0,0.0
3039,kommet,0,0.0
3040,i,0,0.0
3041,en,0,0.0
3042,varm,1,1.0
3043,Stue,0,0.0
3044,og,0,0.0
3045,har,0,0.0
3046,en,0,0.0
3047,Omgang,0,0.0
3048,",",0,0.0
3049,Du,0,0.0
3050,kan,0,0.0
3051,lære,0,0.0
3052,noget,0,0.0
3053,af,0,0.0
3054,!,0,0.0
3055,men,0,0.0
3056,Du,0,0.0
3057,er,0,0.0
3058,et,0,0.0
3059,Vrøvl,0,0.0
3060,",",0,0.0
3061,og,0,0.0
3062,det,0,0.0
3063,er,0,0.0
3064,ikke,0,0.0
3065,morsomt,1,0.0
3066,at,0,0.0
3067,omgaaes,0,0.0
3068,Dig,0,0.0
3069,!,0,0.0
3070,mig,0,0.0
3071,kan,0,0.0
3072,Du,0,0.0
3073,troe,0,0.0
3074,!,0,0.0
3075,jeg,0,0.0
3076,mener,0,0.0
3077,Dig,0,0.0
3078,det,0,0.0
3079,godt,1,3.0
3080,",",0,0.0
3081,jeg,0,0.0
3082,siger,0,0.0
3083,Dig,0,0.0
3084,Ubehageligheder,0,-2.0
3085,",",0,0.0
3086,og,0,0.0
3087,derpaa,0,0.0
3088,skal,0,0.0
3089,man,0,0.0
3090,kjende,0,0.0
3091,sine,0,0.0
3092,sande,0,0.0
3093,Venner,0,0.0
3094,!,0,0.0
3095,see,0,0.0
3096,nu,0,0.0
3097,bare,0,0.0
3098,til,0,0.0
3099,",",0,0.0
3100,at,0,0.0
3101,Du,0,0.0
3102,lægger,0,0.0
3103,Æg,0,0.0
3104,og,0,0.0
3105,lærer,0,0.0
3106,at,0,0.0
3107,spinde,0,0.0
3108,eller,0,0.0
3109,gnistre,0,3.0
3110,!,0,0.0
3111,«,0,0.0
3112,1,0,0.0
3113,antaget,0,0.0
3114,],0,0.0
3115,antagen,0,0.0
3116,D,0,0.0
3117,.,0,0.0
3118,3,0,0.0
3119,Madamme,0,0.0
3120,],0,0.0
3121,Madame,0,0.0
3122,C,0,0.0
3123,.,0,0.0
3124,-,0,0.0
3125,alletider,0,0.0
3126,],0,0.0
3127,altid,0,0.0
3128,D,0,0.0
3129,.,0,0.0
3130,24,0,0.0
3131,en,0,0.0
3132,],0,0.0
3133,nok,1,0.0
3134,en,0,0.0
3135,A3,0,0.0
3136,.,0,0.0
3137,-,0,0.0
3138,bleven,0,0.0
3139,],0,0.0
3140,blevet,0,0.0
3141,B2,0,0.0
3142,-,0,0.0
3143,C,0,0.0
3144,",",0,0.0
3145,bleven,0,0.0
3146,D,0,0.0
3147,.,0,0.0
3148,28,0,0.0
3149,hende,0,0.0
3150,],0,0.0
3151,hun,0,0.0
3152,B,0,0.0
3153,.,0,0.0
3154,34,0,0.0
3155,kommet,0,0.0
3156,],0,0.0
3157,kommen,0,0.0
3158,A2A3,0,0.0
3159,",",0,0.0
3160,kommet,0,0.0
3161,B,0,0.0
3162,-,0,0.0
3163,C,0,0.0
3164,",",0,0.0
3165,kommen,0,0.0
3166,D,0,0.0
3167,.,0,0.0
3168,»,0,0.0
3169,Jeg,0,0.0
3170,troer,0,0.0
3171,",",0,0.0
3172,jeg,0,0.0
3173,vil,0,0.0
3174,gaae,0,0.0
3175,ua,0,0.0
3176,i,0,0.0
3177,den,0,0.0
3178,vide,0,0.0
3179,Verden,0,0.0
3180,!,0,0.0
3181,«,0,0.0
3182,sagde,0,0.0
3183,Ællingen,0,0.0
3184,.,0,0.0
3185,»,0,0.0
3186,Ja,0,1.0
3187,",",0,0.0
3188,gjør,0,0.0
3189,Du,0,0.0
3190,det,0,0.0
3191,!,0,0.0
3192,«,0,0.0
3193,sagde,0,0.0
3194,Hønen.Og,0,0.0
3195,saa,0,0.0
3196,gik,0,0.0
3197,Ællingen,0,0.0
3198,;,0,0.0
3199,den,0,0.0
3200,flød,0,0.0
3201,paa,0,0.0
3202,Vandet,0,0.0
3203,",",0,0.0
3204,den,0,0.0
3205,dykkede,0,0.0
3206,ned,0,0.0
3207,",",0,0.0
3208,men,0,0.0
3209,af,0,0.0
3210,alle,0,0.0
3211,Dyr,0,0.0
3212,var,0,0.0
3213,den,0,0.0
3214,overseet,0,0.0
3215,for,0,0.0
3216,sin,-1,0.0
3217,Grimhed.Nu,0,0.0
3218,faldt,-1,0.0
3219,Efteraaret,0,0.0
3220,paa,0,0.0
3221,",",0,0.0
3222,Bladene,0,0.0
3223,i,0,0.0
3224,Skoven,0,0.0
3225,bleve,0,0.0
3226,gule,0,0.0
3227,og,0,0.0
3228,brune,0,0.0
3229,",",0,0.0
3230,Blæsten,0,0.0
3231,tog,0,0.0
3232,fat,-1,0.0
3233,i,0,0.0
3234,dem,0,0.0
3235,",",0,0.0
3236,saa,0,0.0
3237,de,0,0.0
3238,dandsede,0,0.0
3239,omkring,0,0.0
3240,",",0,0.0
3241,og,0,0.0
3242,oppe,0,0.0
3243,i,0,0.0
3244,Luften,0,0.0
3245,saae,0,0.0
3246,der,0,0.0
3247,koldt,-1,0.0
3248,ud,0,0.0
3249,;,0,0.0
3250,Skyerne,0,0.0
3251,hang,-1,0.0
3252,tunge,0,0.0
3253,med,0,0.0
3254,Hagl,0,0.0
3255,og,0,0.0
3256,Sneeflokke,0,0.0
3257,",",0,0.0
3258,og,0,0.0
3259,paa,0,0.0
3260,Gjærdet,0,0.0
3261,stod,0,0.0
3262,Ravnen,0,0.0
3263,og,0,0.0
3264,skreg,0,-2.0
3265,»,0,0.0
3266,av,0,0.0
3267,!,0,0.0
3268,av,0,0.0
3269,!,0,0.0
3270,«,0,0.0
3271,af,0,0.0
3272,bare,0,0.0
3273,Kulde,0,0.0
3274,;,0,0.0
3275,ja,0,1.0
3276,man,0,0.0
3277,kunde,0,0.0
3278,ordenlig,0,0.0
3279,fryse,-1,-2.0
3280,",",0,0.0
3281,naar,0,0.0
3282,man,0,0.0
3283,tænkte,0,0.0
3284,derpaa,0,0.0
3285,;,0,0.0
3286,den,0,0.0
3287,stakkels,-1,0.0
3288,Ælling,0,0.0
3289,havde,0,0.0
3290,det,0,0.0
3291,rigtignok,0,0.0
3292,ikke,0,0.0
3293,godt.En,0,3.0
3294,Aften,0,0.0
3295,",",0,0.0
3296,Solen,0,0.0
3297,gik,0,0.0
3298,saa,0,0.0
3299,velsignet,0,3.0
3300,ned,0,0.0
3301,",",0,0.0
3302,kom,0,0.0
3303,der,0,0.0
3304,en,0,0.0
3305,heel,0,0.0
3306,Flok,0,0.0
3307,deilige,0,0.0
3308,store,1,0.0
3309,Fugle,0,0.0
3310,ud,0,0.0
3311,af,0,0.0
3312,Buskene,0,0.0
3313,",",0,0.0
3314,Ællingen,0,0.0
3315,havde,0,0.0
3316,aldrig,0,0.0
3317,seet,0,0.0
3318,nogen,0,0.0
3319,saa,0,0.0
3320,smukke,1,3.0
3321,",",0,0.0
3322,de,0,0.0
3323,vare,0,0.0
3324,ganske,0,0.0
3325,skinnende,1,0.0
3326,hvide,0,0.0
3327,",",0,0.0
3328,med,0,0.0
3329,lange,0,0.0
3330,",",0,0.0
3331,smidige,0,0.0
3332,Halse,0,0.0
3333,;,0,0.0
3334,det,0,0.0
3335,var,0,0.0
3336,Svaner,0,0.0
3337,",",0,0.0
3338,de,0,0.0
3339,udstødte,0,0.0
3340,en,0,0.0
3341,ganske,0,0.0
3342,forunderlig,0,0.0
3343,Lyd,0,0.0
3344,",",0,0.0
3345,bredte,0,0.0
3346,deres,0,0.0
3347,prægtige,0,0.0
3348,",",0,0.0
3349,lange,0,0.0
3350,Vinger,0,0.0
3351,ud,0,0.0
3352,og,0,0.0
3353,fløi,0,0.0
3354,bort,-1,-2.0
3355,fra,0,0.0
3356,de,0,0.0
3357,kolde,0,0.0
3358,Egne,0,0.0
3359,til,0,0.0
3360,varmere,1,0.0
3361,Lande,0,0.0
3362,",",0,0.0
3363,til,0,0.0
3364,aabne,0,0.0
3365,Søer,0,0.0
3366,!,0,0.0
3367,de,0,0.0
3368,stege,0,0.0
3369,saa,0,0.0
3370,høit,0,0.0
3371,",",0,0.0
3372,saa,0,0.0
3373,høit,0,0.0
3374,",",0,0.0
3375,og,0,0.0
3376,den,0,0.0
3377,lille,0,0.0
3378,grimme,0,-3.0
3379,Ælling,0,0.0
3380,blev,0,0.0
3381,saa,0,0.0
3382,forunderlig,0,0.0
3383,tilmode,0,0.0
3384,",",0,0.0
3385,den,0,0.0
3386,dreiede,0,0.0
3387,sig,0,0.0
3388,rundt,0,0.0
3389,i,0,0.0
3390,Vandet,0,0.0
3391,ligesom,1,0.0
3392,et,0,0.0
3393,Hjul,0,0.0
3394,",",0,0.0
3395,rakte,0,0.0
3396,Halsen,0,0.0
3397,høit,0,0.0
3398,op,0,0.0
3399,i,0,0.0
3400,Luften,0,0.0
3401,efter,0,0.0
3402,dem,0,0.0
3403,",",0,0.0
3404,udstødte,0,0.0
3405,et,0,0.0
3406,Skrig,0,-2.0
3407,saa,0,0.0
3408,høit,0,0.0
3409,og,0,0.0
3410,forunderligt,0,0.0
3411,",",0,0.0
3412,at,0,0.0
3413,den,0,0.0
3414,selv,0,0.0
3415,blev,0,0.0
3416,bange,-1,-2.0
3417,derved,0,0.0
3418,.,0,0.0
3419,O,0,0.0
3420,",",0,0.0
3421,den,0,0.0
3422,kunde,0,0.0
3423,ikke,0,0.0
3424,glemme,0,-1.0
3425,de,0,0.0
3426,deilige,0,0.0
3427,Fugle,0,0.0
3428,",",0,0.0
3429,de,0,0.0
3430,lykkelige,0,3.0
3431,Fugle,0,0.0
3432,",",0,0.0
3433,og,0,0.0
3434,saasnart,0,0.0
3435,den,0,0.0
3436,ikke,0,0.0
3437,længer,0,0.0
3438,øinede,0,0.0
3439,dem,0,0.0
3440,",",0,0.0
3441,dukkede,0,0.0
3442,den,0,0.0
3443,lige,0,0.0
3444,ned,0,0.0
3445,til,0,0.0
3446,Bunden,0,0.0
3447,",",0,0.0
3448,og,0,0.0
3449,da,-1,0.0
3450,den,0,0.0
3451,kom,0,0.0
3452,op,0,0.0
3453,igjen,0,0.0
3454,",",0,0.0
3455,var,0,0.0
3456,den,0,0.0
3457,ligesom,1,0.0
3458,ude,-1,0.0
3459,af,0,0.0
3460,sig,0,0.0
3461,selv,0,0.0
3462,.,0,0.0
3463,Den,0,0.0
3464,vidste,0,0.0
3465,ikke,0,0.0
3466,",",0,0.0
3467,hvad,0,0.0
3468,Fuglene,0,0.0
3469,hed,0,0.0
3470,",",0,0.0
3471,ikke,0,0.0
3472,hvor,0,0.0
3473,de,0,0.0
3474,fløi,0,0.0
3475,hen,0,0.0
3476,",",0,0.0
3477,men,0,0.0
3478,dog,0,0.0
3479,holdt,0,0.0
3480,den,0,0.0
3481,af,0,0.0
3482,dem,0,0.0
3483,",",0,0.0
3484,som,1,0.0
3485,den,0,0.0
3486,aldrig,0,0.0
3487,havde,0,0.0
3488,holdt,0,0.0
3489,af,0,0.0
3490,nogen,0,0.0
3491,;,0,0.0
3492,den,0,0.0
3493,misundte,0,0.0
3494,dem,0,0.0
3495,slet,-1,0.0
3496,ikke,0,0.0
3497,",",0,0.0
3498,hvor,0,0.0
3499,kunde,0,0.0
3500,det,0,0.0
3501,falde,-1,0.0
3502,den,0,0.0
3503,ind,0,0.0
3504,at,0,0.0
3505,ønske,0,2.0
3506,sig,0,0.0
3507,en,0,0.0
3508,saadan,0,0.0
3509,Deilighed,0,0.0
3510,",",0,0.0
3511,den,0,0.0
3512,vilde,-1,0.0
3513,være,0,0.0
3514,glad,1,3.0
3515,",",0,0.0
3516,naar,0,0.0
3517,bare,0,0.0
3518,dog,0,0.0
3519,Ænderne,0,0.0
3520,vilde,-1,0.0
3521,have,0,0.0
3522,taalt,0,0.0
3523,den,0,0.0
3524,imellem,0,0.0
3525,sig,0,0.0
3526,!,0,0.0
3527,-,0,0.0
3528,det,0,0.0
3529,stakkels,-1,0.0
3530,grimme,0,-3.0
3531,Dyr,0,0.0
3532,!,0,0.0
3533,Og,0,0.0
3534,Vinteren,0,0.0
3535,blev,0,0.0
3536,saa,0,0.0
3537,kold,0,0.0
3538,",",0,0.0
3539,saa,0,0.0
3540,kold,0,0.0
3541,;,0,0.0
3542,Ællingen,0,0.0
3543,maatte,0,0.0
3544,svømme,0,0.0
3545,om,0,0.0
3546,i,0,0.0
3547,Vandet,0,0.0
3548,for,0,0.0
3549,at,0,0.0
3550,holde,1,0.0
3551,det,0,0.0
3552,fra,0,0.0
3553,at,0,0.0
3554,fryse,-1,-2.0
3555,reent,0,0.0
3556,til,0,0.0
3557,;,0,0.0
3558,men,0,0.0
3559,hver,0,0.0
3560,Nat,0,0.0
3561,blev,0,0.0
3562,Hullet,0,0.0
3563,",",0,0.0
3564,hvori,0,0.0
3565,den,0,0.0
3566,svømmede,0,0.0
3567,",",0,0.0
3568,smallere,-1,0.0
3569,og,0,0.0
3570,smallere,-1,0.0
3571,;,0,0.0
3572,det,0,0.0
3573,frøs,-1,0.0
3574,",",0,0.0
3575,saa,0,0.0
3576,det,0,0.0
3577,knagede,0,0.0
3578,i,0,0.0
3579,Iisskorpen,0,0.0
3580,;,0,0.0
3581,Ællingen,0,0.0
3582,maatte,0,0.0
3583,altid,0,0.0
3584,bruge,0,0.0
3585,Benene,0,0.0
3586,",",0,0.0
3587,at,0,0.0
3588,Vandet,0,0.0
3589,ikke,0,0.0
3590,skulde,0,0.0
3591,lukkes,0,0.0
3592,;,0,0.0
3593,tilsidst,0,0.0
3594,blev,0,0.0
3595,den,0,0.0
3596,mat,-1,0.0
3597,",",0,0.0
3598,laa,0,0.0
3599,ganske,0,0.0
3600,stille,1,0.0
3601,og,0,0.0
3602,frøs,-1,0.0
3603,saa,0,0.0
3604,fast,1,0.0
3605,i,0,0.0
3606,Isen.Tidlig,0,0.0
3607,om,0,0.0
3608,Morgenen,0,0.0
3609,kom,0,0.0
3610,en,0,0.0
3611,Bondemand,0,0.0
3612,",",0,0.0
3613,han,0,0.0
3614,saae,0,0.0
3615,den,0,0.0
3616,",",0,0.0
3617,gik,0,0.0
3618,ud,0,0.0
3619,og,0,0.0
3620,slog,-1,-1.0
3621,med,0,0.0
3622,sin,-1,0.0
3623,Træsko,0,0.0
3624,Isen,0,0.0
3625,i,0,0.0
3626,Stykker,0,0.0
3627,og,0,0.0
3628,bar,0,0.0
3629,den,0,0.0
3630,saa,0,0.0
3631,hjem,0,0.0
3632,til,0,0.0
3633,sin,-1,0.0
3634,Kone,0,0.0
3635,.,0,0.0
3636,Der,0,0.0
3637,blev,0,0.0
3638,den,0,0.0
3639,livet,0,0.0
3640,op.Børnene,0,0.0
3641,vilde,-1,0.0
3642,lege,0,0.0
3643,med,0,0.0
3644,den,0,0.0
3645,",",0,0.0
3646,men,0,0.0
3647,Ællingen,0,0.0
3648,troede,0,0.0
3649,",",0,0.0
3650,at,0,0.0
3651,de,0,0.0
3652,vilde,-1,0.0
3653,gjøre,0,0.0
3654,den,0,0.0
3655,Fortræd,0,-1.0
3656,",",0,0.0
3657,og,0,0.0
3658,foer,0,0.0
3659,",",0,0.0
3660,i,0,0.0
3661,Forskrækkelse,0,-2.0
3662,",",0,0.0
3663,lige,0,0.0
3664,op,0,0.0
3665,i9,0,0.0
3666,Sneeflokke,0,0.0
3667,],0,0.0
3668,Sneefnokke,0,0.0
3669,A3,0,0.0
3670,-,0,0.0
3671,C,0,0.0
3672,",",0,0.0
3673,Sneefnug,0,0.0
3674,D,0,0.0
3675,.,0,0.0
3676,14,0,0.0
3677,nogen,0,0.0
3678,],0,0.0
3679,nogle,0,0.0
3680,D,0,0.0
3681,.,0,0.0
3682,15,0,0.0
3683,det,0,0.0
3684,],0,0.0
3685,Det,0,0.0
3686,A,0,0.0
3687,",",0,0.0
3688,det,0,0.0
3689,A2,0,0.0
3690,.,0,0.0
3691,18,0,0.0
3692,lille,0,0.0
3693,grimme,0,-3.0
3694,],0,0.0
3695,grimme,0,-3.0
3696,lille,0,0.0
3697,A2,0,0.0
3698,.,0,0.0
3699,Melke,0,0.0
3700,-,0,0.0
3701,fadet,0,0.0
3702,",",0,0.0
3703,saa,0,0.0
3704,at,0,0.0
3705,Melken,0,0.0
3706,skvulpede,0,0.0
3707,ud,0,0.0
3708,i,0,0.0
3709,Stuen,0,0.0
3710,;,0,0.0
3711,Konen,0,0.0
3712,skreg,0,-2.0
3713,og,0,0.0
3714,slog,-1,-1.0
3715,Hænderne,0,0.0
3716,i,0,0.0
3717,Veiret,0,0.0
3718,",",0,0.0
3719,og,0,0.0
3720,da,-1,0.0
3721,fløi,0,0.0
3722,den,0,0.0
3723,i,0,0.0
3724,Truget,0,0.0
3725,",",0,0.0
3726,hvor,0,0.0
3727,Smørret,0,0.0
3728,var,0,0.0
3729,",",0,0.0
3730,og,0,0.0
3731,saa,0,0.0
3732,ned,0,0.0
3733,i,0,0.0
3734,Meeltønden,0,0.0
3735,og,0,0.0
3736,op,0,0.0
3737,igjen,0,0.0
3738,;,0,0.0
3739,naa,0,0.0
3740,",",0,0.0
3741,hvor,0,0.0
3742,den,0,0.0
3743,kom,0,0.0
3744,til,0,0.0
3745,at,0,0.0
3746,see,0,0.0
3747,ud,0,0.0
3748,!,0,0.0
3749,og,0,0.0
3750,Konen,0,0.0
3751,skreg,0,-2.0
3752,og,0,0.0
3753,slog,-1,-1.0
3754,efter,0,0.0
3755,den,0,0.0
3756,med,0,0.0
3757,Ildklemmen,0,0.0
3758,",",0,0.0
3759,og,0,0.0
3760,Børnene,0,0.0
3761,løbe,0,0.0
3762,hinanden,0,0.0
3763,overende,0,0.0
3764,for,0,0.0
3765,at,0,0.0
3766,fange,-1,-2.0
3767,Ællingen,0,0.0
3768,",",0,0.0
3769,og,0,0.0
3770,de,0,0.0
3771,loe,0,0.0
3772,",",0,0.0
3773,og,0,0.0
3774,de,0,0.0
3775,skrege,0,0.0
3776,!,0,0.0
3777,-,0,0.0
3778,godt,1,3.0
3779,var,0,0.0
3780,det,0,0.0
3781,",",0,0.0
3782,at,0,0.0
3783,Døren,0,0.0
3784,stod,0,0.0
3785,aaben,0,0.0
3786,",",0,0.0
3787,ud,0,0.0
3788,foer,0,0.0
3789,den,0,0.0
3790,imellem,0,0.0
3791,Buskene,0,0.0
3792,i,0,0.0
3793,den,0,0.0
3794,nysfaldne,0,0.0
3795,Snee,0,0.0
3796,-,0,0.0
3797,der,0,0.0
3798,laae,0,0.0
3799,den,0,0.0
3800,",",0,0.0
3801,ligesom,1,0.0
3802,i,0,0.0
3803,Dvale.Men,0,0.0
3804,det,0,0.0
3805,vilde,-1,0.0
3806,blive,-1,0.0
3807,altfor,0,0.0
3808,bedrøveligt,0,0.0
3809,at,0,0.0
3810,fortælle,0,0.0
3811,al,0,0.0
3812,den,0,0.0
3813,Nød,0,0.0
3814,og,0,0.0
3815,Elendighed,0,-3.0
3816,",",0,0.0
3817,den,0,0.0
3818,maatte,0,0.0
3819,prøve,0,0.0
3820,i,0,0.0
3821,den,0,0.0
3822,haarde,0,0.0
3823,Vinter,0,0.0
3824,-,0,0.0
3825,-,0,0.0
3826,den,0,0.0
3827,laae,0,0.0
3828,i,0,0.0
3829,Mosen,0,0.0
3830,mellem,0,0.0
3831,Rørene,0,0.0
3832,",",0,0.0
3833,da,-1,0.0
3834,Solen,0,0.0
3835,igjen,0,0.0
3836,begyndte,0,0.0
3837,at,0,0.0
3838,skinne,1,0.0
3839,varmt,1,0.0
3840,;,0,0.0
3841,Lærkerne,0,0.0
3842,sang,0,0.0
3843,-,0,0.0
3844,det,0,0.0
3845,var,0,0.0
3846,deiligt,0,0.0
3847,Foraar.Da,0,0.0
3848,løftede,0,0.0
3849,den,0,0.0
3850,paa,0,0.0
3851,eengang,0,0.0
3852,sine,0,0.0
3853,Vinger,0,0.0
3854,",",0,0.0
3855,de,0,0.0
3856,bruste,0,0.0
3857,stærkere,1,2.0
3858,end,0,0.0
3859,før,0,0.0
3860,og,0,0.0
3861,bare,0,0.0
3862,den,0,0.0
3863,kraftigt,0,0.0
3864,afsted,0,0.0
3865,;,0,0.0
3866,og,0,0.0
3867,før,0,0.0
3868,den,0,0.0
3869,ret,1,0.0
3870,vidste,0,0.0
3871,det,0,0.0
3872,",",0,0.0
3873,var,0,0.0
3874,den,0,0.0
3875,i,0,0.0
3876,en,0,0.0
3877,stor,1,0.0
3878,Have,0,0.0
3879,",",0,0.0
3880,hvor,0,0.0
3881,Æbletræerne,0,0.0
3882,stode,0,0.0
3883,i,0,0.0
3884,Blomster,0,0.0
3885,",",0,0.0
3886,hvor,0,0.0
3887,Sirenerne,0,0.0
3888,duftede,0,0.0
3889,og,0,0.0
3890,hang,-1,0.0
3891,paa,0,0.0
3892,de,0,0.0
3893,lange,0,0.0
3894,",",0,0.0
3895,grønne,0,0.0
3896,Grene,0,0.0
3897,lige,0,0.0
3898,ned,0,0.0
3899,imod,0,-1.0
3900,de,0,0.0
3901,bugtede,0,0.0
3902,Canaler,0,0.0
3903,!,0,0.0
3904,O,0,0.0
3905,her,0,0.0
3906,var,0,0.0
3907,saa,0,0.0
3908,deiligt,0,0.0
3909,",",0,0.0
3910,saa,0,0.0
3911,foraarsfriskt,0,0.0
3912,!,0,0.0
3913,og,0,0.0
3914,lige,0,0.0
3915,foran,1,0.0
3916,",",0,0.0
3917,ud,0,0.0
3918,af,0,0.0
3919,Tykningen,0,0.0
3920,",",0,0.0
3921,kom,0,0.0
3922,tre,0,0.0
3923,deilige,0,0.0
3924,",",0,0.0
3925,hvide,0,0.0
3926,Svaner,0,0.0
3927,;,0,0.0
3928,de,0,0.0
3929,bruste,0,0.0
3930,med,0,0.0
3931,Fjerene,0,0.0
3932,og,0,0.0
3933,fløde,0,0.0
3934,saa,0,0.0
3935,let,1,1.0
3936,paa,0,0.0
3937,Vandet,0,0.0
3938,.,0,0.0
3939,Ællingen,0,0.0
3940,kjendte,0,0.0
3941,de,0,0.0
3942,prægtige,0,0.0
3943,Dyr,0,0.0
3944,og,0,0.0
3945,blev,0,0.0
3946,betagen,0,0.0
3947,af,0,0.0
3948,en,0,0.0
3949,forunderlig,0,0.0
3950,Sørgmodighed,0,0.0
3951,.,0,0.0
3952,»,0,0.0
3953,Jeg,0,0.0
3954,vil,0,0.0
3955,flyve,0,0.0
3956,hen,0,0.0
3957,til,0,0.0
3958,dem,0,0.0
3959,",",0,0.0
3960,de,0,0.0
3961,kongelige,0,0.0
3962,Fugle,0,0.0
3963,!,0,0.0
3964,og,0,0.0
3965,de,0,0.0
3966,vil,0,0.0
3967,hugge,-1,0.0
3968,mig,0,0.0
3969,ihjel,0,0.0
3970,",",0,0.0
3971,fordi,0,0.0
3972,jeg,0,0.0
3973,",",0,0.0
3974,der,0,0.0
3975,er,0,0.0
3976,saa,0,0.0
3977,styg,0,0.0
3978,",",0,0.0
3979,tør,0,0.0
3980,nærme,0,0.0
3981,mig,0,0.0
3982,dem,0,0.0
3983,!,0,0.0
3984,men,0,0.0
3985,det,0,0.0
3986,er,0,0.0
3987,det,0,0.0
3988,samme,0,0.0
3989,!,0,0.0
3990,bedre,1,2.0
3991,at,0,0.0
3992,dræbes,0,0.0
3993,af,0,0.0
3994,dem,0,0.0
3995,",",0,0.0
3996,end,0,0.0
3997,at,0,0.0
3998,nappes,0,0.0
3999,af,0,0.0
4000,Ænderne,0,0.0
4001,",",0,0.0
4002,hugges,0,0.0
4003,af,0,0.0
4004,Hønsene,0,0.0
4005,",",0,0.0
4006,sparkes,0,0.0
4007,af,0,0.0
4008,Pigen,0,0.0
4009,",",0,0.0
4010,der,0,0.0
4011,passer,0,0.0
4012,Hønsegaarden,0,0.0
4013,",",0,0.0
4014,og,0,0.0
4015,lide,0,1.0
4016,ondt,-1,-2.0
4017,om,0,0.0
4018,Vinteren,0,0.0
4019,!,0,0.0
4020,«,0,0.0
4021,og,0,0.0
4022,den,0,0.0
4023,fløi,0,0.0
4024,ud,0,0.0
4025,i,0,0.0
4026,Vandet,0,0.0
4027,og,0,0.0
4028,svømmede,0,0.0
4029,hen,0,0.0
4030,imod,0,-1.0
4031,de,0,0.0
4032,prægtige,0,0.0
4033,Svaner,0,0.0
4034,",",0,0.0
4035,disse,-1,0.0
4036,saae,0,0.0
4037,den,0,0.0
4038,og,0,0.0
4039,skjøde,0,0.0
4040,med,0,0.0
4041,brusende,0,0.0
4042,Fjere,0,0.0
4043,henimod,0,0.0
4044,den,0,0.0
4045,.,0,0.0
4046,»,0,0.0
4047,Dræber,0,-3.0
4048,mig,0,0.0
4049,kun,0,0.0
4050,!,0,0.0
4051,«,0,0.0
4052,sagde,0,0.0
4053,det,0,0.0
4054,stakkels,-1,0.0
4055,Dyr,0,0.0
4056,",",0,0.0
4057,og,0,0.0
4058,bøiede,0,0.0
4059,sit,0,0.0
4060,Hoved,0,0.0
4061,ned,0,0.0
4062,mod,1,0.0
4063,Vandfladen,0,0.0
4064,og,0,0.0
4065,ventede,0,-1.0
4066,Døden,-1,0.0
4067,",",0,0.0
4068,-,0,0.0
4069,men,0,0.0
4070,hvad,0,0.0
4071,saae,0,0.0
4072,den,0,0.0
4073,i,0,0.0
4074,det,0,0.0
4075,klare,0,0.0
4076,Vand,0,0.0
4077,!,0,0.0
4078,den,0,0.0
4079,saae,0,0.0
4080,under,1,0.0
4081,sig,0,0.0
4082,sit,0,0.0
4083,eget,0,0.0
4084,Billed,0,0.0
4085,",",0,0.0
4086,men,0,0.0
4087,den,0,0.0
4088,var,0,0.0
4089,ikke,0,0.0
4090,længere,0,0.0
4091,en,0,0.0
4092,kluntet,0,0.0
4093,",",0,0.0
4094,sortgraa,0,0.0
4095,Fugl,0,0.0
4096,",",0,0.0
4097,styg,0,0.0
4098,og,0,0.0
4099,fæl,0,0.0
4100,",",0,0.0
4101,den,0,0.0
4102,var,0,0.0
4103,selv,0,0.0
4104,en,0,0.0
4105,Svane.Det,0,0.0
4106,gjør,0,0.0
4107,ikke,0,0.0
4108,noget,0,0.0
4109,at,0,0.0
4110,være,0,0.0
4111,født,0,0.0
4112,i,0,0.0
4113,Andegaarden,0,0.0
4114,",",0,0.0
4115,naar,0,0.0
4116,man,0,0.0
4117,kun,0,0.0
4118,har,0,0.0
4119,ligget,0,0.0
4120,i,0,0.0
4121,et,0,0.0
4122,Svaneæg,0,0.0
4123,!,0,0.0
4124,Den,0,0.0
4125,følte,0,0.0
4126,sig,0,0.0
4127,ordenlig,0,0.0
4128,glad,1,3.0
4129,over,0,0.0
4130,al,0,0.0
4131,den,0,0.0
4132,Nød,0,0.0
4133,og,0,0.0
4134,Gjenvordighed,0,0.0
4135,",",0,0.0
4136,den,0,0.0
4137,havde,0,0.0
4138,prøvet,0,0.0
4139,;,0,0.0
4140,nu,0,0.0
4141,skjønnede,0,0.0
4142,den,0,0.0
4143,just,0,0.0
4144,paa,0,0.0
4145,sin,-1,0.0
4146,Lykke,0,3.0
4147,",",0,0.0
4148,paa,0,0.0
4149,al,0,0.0
4150,den,0,0.0
4151,Deilighed,0,0.0
4152,",",0,0.0
4153,der,0,0.0
4154,hilsede,0,0.0
4155,den,0,0.0
4156,.,0,0.0
4157,-,0,0.0
4158,Og,0,0.0
4159,de,0,0.0
4160,store,1,0.0
4161,Svaner,0,0.0
4162,svømmede,0,0.0
4163,rundt,0,0.0
4164,omkring,0,0.0
4165,den,0,0.0
4166,og,0,0.0
4167,strøge,0,0.0
4168,den,0,0.0
4169,med,0,0.0
4170,Næbet,0,0.0
4171,.,0,0.0
4172,4,0,0.0
4173,og,0,0.0
4174,Konen,0,0.0
4175,],0,0.0
4176,Konen,0,0.0
4177,A3,0,0.0
4178,.,0,0.0
4179,5,0,0.0
4180,løbe,0,0.0
4181,],0,0.0
4182,løb,0,0.0
4183,B,0,0.0
4184,.,0,0.0
4185,6,0,0.0
4186,skrege,0,0.0
4187,],0,0.0
4188,skreg,0,-2.0
4189,B,0,0.0
4190,-,0,0.0
4191,C,0,0.0
4192,",",0,0.0
4193,skrege,0,0.0
4194,D,0,0.0
4195,.,0,0.0
4196,7,0,0.0
4197,imellem,0,0.0
4198,],0,0.0
4199,imel,0,0.0
4200,-,0,0.0
4201,ved,0,0.0
4202,linieskifteA,0,0.0
4203,.,0,0.0
4204,16,0,0.0
4205,Sirenerne,0,0.0
4206,],0,0.0
4207,Syrenerne,0,0.0
4208,D,0,0.0
4209,.,0,0.0
4210,17,0,0.0
4211,deiligt,0,0.0
4212,],0,0.0
4213,deligt,0,0.0
4214,fejlA,0,0.0
4215,.,0,0.0
4216,19,0,0.0
4217,fløde,0,0.0
4218,],0,0.0
4219,flød,0,0.0
4220,B,0,0.0
4221,",",0,0.0
4222,fløde,0,0.0
4223,D,0,0.0
4224,.,0,0.0
4225,20,0,0.0
4226,betagen,0,0.0
4227,],0,0.0
4228,betaget,1,3.0
4229,B,0,0.0
4230,",",0,0.0
4231,betagen,0,0.0
4232,D,0,0.0
4233,.,0,0.0
4234,28,0,0.0
4235,skjøde,0,0.0
4236,],0,0.0
4237,skjød,0,0.0
4238,B,0,0.0
4239,-,0,0.0
4240,C,0,0.0
4241,",",0,0.0
4242,skjøde,0,0.0
4243,D,0,0.0
4244,.,0,0.0
4245,-,0,0.0
4246,Fjere,0,0.0
4247,],0,0.0
4248,Fjer,0,0.0
4249,D,0,0.0
4250,.,0,0.0
4251,-,0,0.0
4252,Dræber,0,-3.0
4253,],0,0.0
4254,Dræb,0,0.0
4255,D,0,0.0
4256,.,0,0.0
4257,38,0,0.0
4258,strøge,0,0.0
4259,],0,0.0
4260,strøg,0,0.0
4261,B,0,0.0
4262,-,0,0.0
4263,C,0,0.0
4264,",",0,0.0
4265,strøge,0,0.0
4266,D.I,0,0.0
4267,Haven,0,0.0
4268,kom,0,0.0
4269,der,0,0.0
4270,nogle,0,0.0
4271,smaa,0,0.0
4272,Børn,0,0.0
4273,",",0,0.0
4274,de,0,0.0
4275,kastede,0,0.0
4276,Brød,0,-1.0
4277,og,0,0.0
4278,Korn,0,0.0
4279,ud,0,0.0
4280,i,0,0.0
4281,Vandet,0,0.0
4282,",",0,0.0
4283,og,0,0.0
4284,den,0,0.0
4285,mindste,0,0.0
4286,raabte,0,0.0
4287,:,0,0.0
4288,»,0,0.0
4289,Der,0,0.0
4290,er,0,0.0
4291,en,0,0.0
4292,ny,1,0.0
4293,!,0,0.0
4294,«,0,0.0
4295,og,0,0.0
4296,de,0,0.0
4297,andre,0,0.0
4298,Børn,0,0.0
4299,jublede,0,3.0
4300,med,0,0.0
4301,:,0,0.0
4302,»,0,0.0
4303,ja,0,1.0
4304,der,0,0.0
4305,er,0,0.0
4306,kommet,0,0.0
4307,en,0,0.0
4308,ny,1,0.0
4309,!,0,0.0
4310,«,0,0.0
4311,og,0,0.0
4312,de,0,0.0
4313,klappede,0,2.0
4314,i,0,0.0
4315,Hænderne,0,0.0
4316,og,0,0.0
4317,dandsede,0,0.0
4318,rundt,0,0.0
4319,;,0,0.0
4320,løbe,0,0.0
4321,efter,0,0.0
4322,Fader,0,0.0
4323,og,0,0.0
4324,Moder,0,0.0
4325,",",0,0.0
4326,og,0,0.0
4327,der,0,0.0
4328,blev,0,0.0
4329,kastet,0,0.0
4330,Brød,0,-1.0
4331,og,0,0.0
4332,Kage,0,0.0
4333,i,0,0.0
4334,Vandet,0,0.0
4335,",",0,0.0
4336,og,0,0.0
4337,Alle,0,0.0
4338,sagde,0,0.0
4339,de,0,0.0
4340,:,0,0.0
4341,»,0,0.0
4342,Den,0,0.0
4343,nye,0,0.0
4344,er,0,0.0
4345,den,0,0.0
4346,smukkeste,0,3.0
4347,!,0,0.0
4348,saa,0,0.0
4349,ung,0,0.0
4350,og,0,0.0
4351,saa,0,0.0
4352,deilig,0,0.0
4353,!,0,0.0
4354,«,0,0.0
4355,og,0,0.0
4356,de,0,0.0
4357,gamle,0,0.0
4358,Svaner,0,0.0
4359,neiede,0,0.0
4360,for,0,0.0
4361,den.Da,0,0.0
4362,følte,0,0.0
4363,den,0,0.0
4364,sig,0,0.0
4365,ganske,0,0.0
4366,undseelig,0,0.0
4367,og,0,0.0
4368,stak,-1,-1.0
4369,Hovedet,0,0.0
4370,om,0,0.0
4371,bag,0,0.0
4372,Vingerne,0,0.0
4373,",",0,0.0
4374,den,0,0.0
4375,vidste,0,0.0
4376,ikke,0,0.0
4377,selv,0,0.0
4378,hvad,0,0.0
4379,!,0,0.0
4380,den,0,0.0
4381,var,0,0.0
4382,altfor,0,0.0
4383,lykkelig,1,3.0
4384,",",0,0.0
4385,men,0,0.0
4386,slet,-1,0.0
4387,ikke,0,0.0
4388,stolt,1,2.0
4389,",",0,0.0
4390,thi,0,0.0
4391,et,0,0.0
4392,godt,1,3.0
4393,Hjerte,0,0.0
4394,bliver,0,0.0
4395,aldrig,0,0.0
4396,stolt,1,2.0
4397,!,0,0.0
4398,den,0,0.0
4399,tænkte,0,0.0
4400,paa,0,0.0
4401,",",0,0.0
4402,hvor,0,0.0
4403,den,0,0.0
4404,havde,0,0.0
4405,været,0,0.0
4406,forfulgt,0,-2.0
4407,og,0,0.0
4408,forhaanet,0,0.0
4409,",",0,0.0
4410,og,0,0.0
4411,hørte,0,0.0
4412,nu,0,0.0
4413,Alle,0,0.0
4414,sige,0,0.0
4415,",",0,0.0
4416,at,0,0.0
4417,den,0,0.0
4418,var,0,0.0
4419,den,0,0.0
4420,deiligste,0,0.0
4421,af,0,0.0
4422,alle,0,0.0
4423,deilige,0,0.0
4424,Fugle,0,0.0
4425,;,0,0.0
4426,og,0,0.0
4427,Sirenerne,0,0.0
4428,bøiede,0,0.0
4429,sig,0,0.0
4430,med,0,0.0
4431,Grenene,0,0.0
4432,lige,0,0.0
4433,ned,0,0.0
4434,i,0,0.0
4435,Vandet,0,0.0
4436,til,0,0.0
4437,den,0,0.0
4438,",",0,0.0
4439,og,0,0.0
4440,Solen,0,0.0
4441,skinnede,0,0.0
4442,saa,0,0.0
4443,varmt,1,0.0
4444,og,0,0.0
4445,saa,0,0.0
4446,godt,1,3.0
4447,",",0,0.0
4448,da,-1,0.0
4449,bruste,0,0.0
4450,dens,0,0.0
4451,Fjedre,0,0.0
4452,",",0,0.0
4453,den,0,0.0
4454,slanke,1,0.0
4455,Hals,0,0.0
4456,hævede,-1,0.0
4457,sig,0,0.0
4458,",",0,0.0
4459,og,0,0.0
4460,af,0,0.0
4461,Hjertet,0,0.0
4462,jublede,0,3.0
4463,den,0,0.0
4464,:,0,0.0
4465,»,0,0.0
4466,saa,0,0.0
4467,megen,0,0.0
4468,Lykke,0,3.0
4469,drømte,0,0.0
4470,jeg,0,0.0
4471,ikke,0,0.0
4472,om,0,0.0
4473,",",0,0.0
4474,da,-1,0.0
4475,jeg,0,0.0
4476,var,0,0.0
4477,den,0,0.0
4478,grimme,0,-3.0
4479,Ælling,0,0.0
4480,!,0,0.0
4481,«,0,0.0
4482,4,0,0.0
4483,kommet,0,0.0
4484,],0,0.0
4485,kommen,0,0.0
4486,D,0,0.0
4487,.,0,0.0
4488,5,0,0.0
4489,løbe,0,0.0
4490,],0,0.0
4491,løb,0,0.0
4492,B,0,0.0
4493,.,0,0.0
4494,14,0,0.0
4495,Fjedre,0,0.0
4496,],0,0.0
4497,Fjere,0,0.0
4498,C,0,0.0
4499,",",0,0.0
4500,Fjer,0,0.0
4501,B,0,0.0
4502,.,0,0.0
